:020000022000DC
:106000000000042071080300B1080300B308030076
:10601000B5080300B7080300B9080300000000003A
:10602000000000000000000000000000ED07030079
:10603000BD080300000000000D080300C1080300B4
:10604000FD0903001DCE0200C3080300C3080300BE
:10605000C3080300C308030081E40200C30803006F
:1060600091E10200A9E10200C3080300C308030094
:10607000C3080300C3080300C3080300C3080300E8
:10608000C308030071050300C3080300C30803002D
:10609000C3080300C3080300C3080300C3080300C8
:1060A000C3080300C3080300C1E10200D9E10200F4
:1060B000C3080300C3080300000000000000000044
:1060C000C3080300C3080300C3080300950C0300C2
:1060D000C3080300C3080300C3080300C56C020023
:1060E000C3080300C3080300C30803000000000046
:1060F00000000000C3080300000000000D0D0300B5
:10610000000000000000000000000000000000008F
:10611000000000000000000000000000000000007F
:10612000000000000000000000000000000000006F
:10613000000000000000000000000000000000005F
:10614000000000000000000000000000000000004F
:10615000000000000000000000000000000000003F
:10616000000000000000000000000000000000002F
:10617000000000000000000000000000000000001F
:10618000000000000000000000000000000000000F
:1061900000000000000000000000000000000000FF
:1061A00000000000000000000000000000000000EF
:1061B00000000000000000000000000000000000DF
:1061C00000000000000000000000000000000000CF
:1061D00000000000000000000000000000000000BF
:1061E00000000000000000000000000000000000AF
:1061F000000000000000000000000000000000009F
:10620000F1EE103A43F08073E1EE103A704700BFB0
:1062100010B5054C237833B9044B13B10448AFF3E0
:1062200000800123237010BD1063002000000000D7
:10623000D441030008B5034B1BB103490348AFF336
:10624000008008BD0000000014630020D44103005A
:10625000154B002B08BF134B9D46A3F5803A002138
:106260008B460F461348144A121A0BF0EDFE0F4BE3
:10627000002B00D098470E4B002B00D098470020F1
:10628000002104000D000D48002802D00C48AFF397
:1062900000800BF06FFE200029000AF03BFB0BF0A2
:1062A00055FE00BF000008000000042000000000B0
:1062B0000000000010630020A885002000000000FE
:1062C000000000000146014800F07ABA486300204F
:1062D00038B5064B1D783DB100242046013400F04E
:1062E00033FEE0B28542F9D838BD00BF44630020D8
:1062F000407DFF2806D010B500F072FD044618B1AD
:10630000204610BD002070470AF01EFE204610BD3A
:10631000407DFF280ED000B583B00DF1070100F0DD
:10632000B3FD20B19DF8070003B05DF804FB4FF00A
:10633000FF30F9E74FF0FF30704700BF407DFF2886
:1063400011D000B583B001220DF1070100F054FD1A
:1063500020B94FF0FF3003B05DF804FB9DF8070053
:1063600003B05DF804FB4FF0FF307047407DFF281D
:1063700001D000F0E9BD7047407DFF2801D000F05A
:1063800029BE0020704700BFF8B50646407DFF28B3
:106390001CD017465AB10D46144600F0FBFC2946A6
:1063A000224680B1707D00F079FD241A01D1384673
:1063B000F8BD05440AF0C8FD707D00F0EBFC2946ED
:1063C00022460028EED13F1B3846F1E70020F8BDF9
:1063D0000AB32DE9F043524991F81C6191F81D511F
:1063E00091F81E7193B0994614467B1CAA1C8046F6
:1063F000B01C81F81C0181F81D2181F81E3101A813
:10640000422200210BF020FEB9F1410F05D80020F7
:1064100013B0BDE8F083422070478DF806608DF818
:106420000E608DF82660721C40F20126D2B2ADF8E3
:106430001060DFF8F0C08DF81E20242640F6083EDC
:106440006B1C8DF827208DF83120ADF804E08DF815
:1064500016608DF820608DF82460CDF818C00426F1
:106460004FF0060C65F07F0540F209424FF0010E37
:1064700098F81410ADF80C208DF81CE005228DF86A
:106480001F608DF830608DF822C040F207568DF8FD
:1064900025C08DF82A5020464FF0030E63F07F048C
:1064A0004FF0080C02234FF411658DF814108DF88D
:1064B00007308DF808308DF809308DF812308DF8DE
:1064C00021308DF815208DF823208DF82BE08DF8E4
:1064D0002CC04FF00A0EADF82E504FF0400C01A921
:1064E000ADF8286007258DF833308DF840208DF801
:1064F0004140422244F20204ADF838608DF83B304E
:106500008DF83A708DF834E08DF83CC08DF83F502E
:10651000ADF842400BF074FD422013B0BDE8F083AB
:106520004863002020010524A0F11000FFF750BFB0
:1065300070B50368184A5B6882B093428DF8071003
:1065400024D10546407DFF281DD000F023FC0DF12D
:10655000070601243146224688B1687D00F09EFC82
:10656000241A02D1012002B070BD06440AF0ECFCEE
:10657000687D00F00FFC314622460028EDD1C4F1C1
:10658000010002B070BD002002B070BD01220DF10B
:106590000701984702B070BD89630200437DFF2B5D
:1065A00000D07047094B1A78002AFAD110B500F1D3
:1065B000100442750649204601221A7000F0CCF9F9
:1065C00021460448BDE8104000F0DCB844630020D8
:1065D000CC3C03004863002001B900B1704700B50E
:1065E00083B0694600F0ECFB009BB3F5966F02D0D8
:1065F00003B05DF804FB00F07BFBF9E730B4084B17
:10660000084A4FF47F4102F10805002430324FF46C
:106610007A7099821D60C3E901401A6130BC7047ED
:106620002C630020DC3C03002DE9F0410024484E9F
:106630002546435D4719A3B103F14002D2B2012AB6
:106640000AD9F42B08D81A060ED44FF0010EA3F580
:106650005842B2F5006F56D201354719435D002B01
:10666000EAD12046BDE8F08103F0E002C02A57D00D
:1066700003F0F002E02A66D003F0F802F02AEBD132
:1066800003F007024FF0040E7B7803F0C00CBCF15E
:10669000800FE1D197F802C00CF0C00803F03F036F
:1066A000B8F1800F43EA8213D6D10CF03F0CBEF153
:1066B000030F4CEA83132DD0FA7802F0C007802F25
:1066C000CAD102F03F0242EA8313A3F58032B242FC
:1066D000C2D8A3F55847B7F5006FBDD3B3F5803FD7
:1066E00005F1040510D31E2CBBDC6300970A0B4494
:1066F000C2F30902A7F52057A2F5105221F8147031
:106700005A80023495E77544202CAAD021F8143021
:1067100001348EE7A3F50062B2F5784F97D39BE77B
:106720007A7802F0C007802F03F01F0394D102F0A3
:106730003F0242EA8313A3F18002B2F5F06F8BD2DD
:106740004FF0020E83E703F00F024FF0030E9BE7BA
:10675000FFFF0F0090F850310B2B0CD871B103F1F3
:10676000480210B45C1C80F8504140F822105DF8DB
:10677000044B184670470023184670470B461846CE
:10678000704700BF70B504460E68B4F81821B4F81D
:106790001A31656936689B1A08469BB294F81C1139
:1067A0002A44B04758B1B4F818216369104480B244
:1067B000A4F81801588094F81C211A71012070BDAA
:1067C0002DE9F043284DDFF8B090AC4604468846EA
:1067D000BCE80F0089B003AF0FC703AE0FCE05F1C1
:1067E000140E25460FC59EE80700DCF800303B80FC
:1067F0006B4636682E8003C36B4603CB012504F13C
:1068000018034FF480766361A061E16184F8202071
:1068100004F59870C4F818912022A4F81C61002196
:1068200084F81E510BF010FC40F20947042240F29C
:10683000EF230E4E0E48C4F828010021C4F82C1195
:1068400084F85021A3804FF4E131A571C4F8207180
:10685000C4F824610748FFF7A1FE404600F036FA6D
:10686000284609B0BDE8F083103D0300403D030019
:106870004C3D03002C6300200900000100487047D4
:1068800048630020014B5869704700BF48630020EF
:106890002DE9F04F89B0F8B1032816D02B4C94F8AD
:1068A000503183424FD9483004F5AA7154F8200082
:1068B000FFF7BAFEC0B20130400040F44070A4F8C7
:1068C0005201234809B0BDE8F08F204CD4F82C01C8
:1068D00050B104F5AA71EBE71C4CD4F82031A4F8B0
:1068E00054314FF44170EAE7684600F003FA054678
:1068F00010B300F1FF3A0DF10103164FE94653FAC8
:106900008AFAA64604AE97E80F0019F801CB86E88C
:106910000F000CF00F080DF1200BD8440BEB1C1CE2
:1069200018F8108C1CF8103CAEF85681D145AEF822
:1069300054310EF1040EE6D16800C0B201304000BF
:1069400040F44070BBE70020BCE700BF4863002074
:106950009A640020303D030010B504460248FFF75A
:10696000F9FE207110BD00BF4863002030B5144C03
:10697000236883B013B3186851B907F0E1FC2368AA
:1069800093F90400012103B0BDE830400AF010BDC6
:106990000C4B0093002501238DF805308DF8045031
:1069A00002AB13E9060007F067FC236893F90400C3
:1069B000294603B0BDE830400AF0FABC03B030BD50
:1069C000DC64002080BA8C010448006828B108B556
:1069D000006807F0BBFC012008BD7047DC640020A4
:1069E000084B1B6843B141B9074B4022C3F88020D4
:1069F000BFF34F8FBFF36F8F7047034B40221A6076
:106A0000704700BFDC64002000E100E0024B53F857
:106A1000200000B1C0687047E064002030B4094C29
:106A2000BDF8085054F8204044B1246934B10846F8
:106A3000A44611461A462B4630BC6047002030BCA5
:106A4000704700BFE064002030B4084CBDF8085027
:106A500054F8204044B1646934B10846A446114654
:106A60001A462B4630BC604730BC7047E0640020BB
:106A7000024B186808B190F860007047E864002085
:106A80002DE9F843234C2568002D3CD01E462C23CD
:106A900003FB00531746D3F8209088460446B9F10B
:106AA000000F32D048460BF0E7FE2C2303FB0454C2
:106AB000D4E90954DFF864C0174B08280246494658
:106AC00028BF08224046002D08BF6546002C08BF9D
:106AD0001C460BF095FA28460BF0CEFE1028024615
:106AE000294628BF102238460BF08AFA20460BF0C0
:106AF000C3FE042802462146304628BF0422BDE8D2
:106B0000F8430BF07DBABDE8F883DFF81490082055
:106B1000CBE700BFE8640020783D0300683D030038
:106B2000403D030070B5104E3368D3B12C2404FBF4
:106B30000034054662691AB19047336884F8320020
:106B40002C2202FB053393F8324014B10124204675
:106B500070BD284623463A22022101F0E7F820467C
:106B600070BD1C46204670BDE8640020074B1B68C2
:106B700053B110B42C2404FB0030C46A038E0C60A3
:106B800013805DF8044B7047704700BFE864002035
:106B900008B520220023052101F0C8F84FF0FF308E
:106BA00008BD00BF30B4094C24685CB10D461146E5
:106BB0002C2202FB0044E46924B11A4628462346ED
:106BC00030BC1847012030BC704700BFE86400208B
:106BD00030B4094C029A246854B10D462C2101FBB3
:106BE0000044A46824B119462846234630BC1847FF
:106BF0004FF0FF3030BC7047E864002030B4094CDF
:106C0000029A246854B10D462C2101FB0044E4682B
:106C100024B119462846234630BC18474FF0FF30B0
:106C200030BC7047E8640020044B1B682BB12C2259
:106C300002FB0030036903B118477047E864002085
:106C4000054B1B682BB12C2202FB0030836903B17A
:106C500018470120704700BFE864002005F0DCBB46
:106C600000B5164B83B04022002483F8272301A9E6
:106C7000012320468DF804308DF8054002F0DAFE3D
:106C80004FF0804302A8D3F8385400F8084D09F0BB
:106C90006FFE0B4B019301A809F096FE09F0A6FECA
:106CA000EB0707D400214FF0FF3002F04DFFFFF754
:106CB0000FFBF7E7204605F0AFFBF3E700E100E04C
:106CC0005D6C0200002005F01DB800BF00B5002378
:106CD00083B00322CDE9002303490448C82208F009
:106CE00049FC03B05DF804FB7C3D0300616C0200CD
:106CF0000AF0D6BA4FF08052536E1BBA0360136E7F
:106D00001BBA43600820704700487047843D030069
:106D100070B51E4C2368D3B1012901D0012070BD8C
:106D20001578C5F34115012D13D0022D0FD15478DC
:106D3000012C21D0022CF1D19388072B07D1144CC0
:106D4000114623892246BDE8704003F035BE00207D
:106D500070BD51782229E1D111465288003218BF06
:106D600001225A7503F010FE2268D369002BD5D09A
:106D7000507D9847284670BD9C69002CE7D011468D
:106D800023782246BDE8704003F016BEEC64002074
:106D90000060002010B5044602F034FE08B900205F
:106DA00010BD02F037FE0028F9D1044B4FF43672C3
:106DB00002FB0434207900F0010010BD7065002052
:106DC000064A4FF4367303FB002308331868086043
:106DD0009A889B798B718A80704700BF706500200C
:106DE00008B5044A4FF4367303FB0020103002F05C
:106DF00055FC08BD706500202DE9F8434FF436744A
:106E000004FB00F41E4E4FF6FF73074604F1100515
:106E10004FF6FE70824288BF1A463544284692B229
:106E200002F066FC804602F0EDFD10B94046BDE878
:106E3000F88302F0EFFD81460028F7D13444E3786F
:106E4000002BF3D0284602F041FC3F28EED9E17830
:106E5000484603F0E7FC0028E8D0284602F036FC5C
:106E60003F2804D8E178484603F0ECFCDEE7054A09
:106E7000E178484602EBC712402303F0F3FCD5E764
:106E800070650020F0640020034A4FF4367303FB62
:106E90000020103002F096BC706500202DE9F84308
:106EA0004FF4367505FB00F5244F4FF6FF73064689
:106EB00005F124044FF6FE70824288BF1A463C4416
:106EC00092B2204602F0B8FC8046204602F0E6FB73
:106ED0003F2802D84046BDE8F88302F093FD002821
:106EE000F8D002F097FD81460028F3D1204602F049
:106EF000D5FB0028EED03D444846A97803F092FC2B
:106F00000028E7D00E4B402202EBC6161E44204656
:106F1000314602F0EDFB034660B13246A97848469F
:106F200003F0A0FC0028D5D1064B1B68DB07D1D5A8
:106F300000BECFE7A97803F085FCCBE770650020A1
:106F4000F0640020F0ED00E02DE9F041804602F011
:106F500059FD10B90020BDE8F08102F05BFD074645
:106F60000028F7D14FF4367404FB08F4164E04F1F0
:106F700024053544284602F091FB0028EAD0264437
:106F80003846B17803F04EFC0028E3D040220F4B86
:106F900002EBC81898442846414602F0A9FB044673
:106FA00060B14246B1783846234603F05BFC40B9F5
:106FB000074B1B68DB07CDD500BECCE7B17803F0EB
:106FC00041FC2046C7E700BF70650020F064002048
:106FD000F0ED00E008B5044A4FF4367303FB0020DF
:106FE000243002F073FB08BD7065002070B5204CA2
:106FF00082B000214FF4367220460D460BF024F883
:10700000FF234FF4E132082604F138016371A260D6
:1070100001234FF48072009504F11000A67302F072
:1070200001FB144B1B78C3F38003009304F59C71A0
:1070300001234FF4807204F1240002F0F3FA04F506
:107040000E71012007F006FD04F5227106460120AD
:1070500007F000FD06B130B9074B1B68DB0700D510
:1070600000BE02B070BDC4E90756C4E90C05F8E7DC
:1070700070650020B4600020F0ED00E038B5094CE8
:10708000206A256B20B108F0DDF80023C4E907333E
:107090002DB1284608F0D6F80023C4E90C330120AE
:1070A00038BD00BF7065002010B50E4C0E48237827
:1070B000002202600271DA0709D59B070DD52178FD
:1070C0000A48C1F38001BDE8104002F063BC1030F3
:1070D00002F040FC23789B07F1D4044802F03AFC0C
:1070E000EDE700BFB46000207065002094650020CB
:1070F0002DE9F0414B79022B82B004D000252846BF
:1071000002B0BDE8F0818B79022BF7D1364EB3780F
:107110002BB1364B1B68DB07F0D500BEEEE78B7852
:1071200033700C780C4407466378242B4FF0090524
:107130000BD1082A02D822E0AA4220D323781C448B
:107140001D446378242BADB2F6D0052B38D0042B28
:1071500015D163790A2B12D1254A94F80080019247
:10716000022301320092384604EB08011A4603F06C
:1071700095FA0028CDD00E3518FA85F5ADB202F09B
:1071800041FC0028BBD002F045FC04460028B6D1E3
:10719000F378002BB3D0174802F098FA3F28AED905
:1071A000F178204603F03EFB0028A8D0114802F0F9
:1071B0008DFA3F28F17811D8204603F043FB9EE773
:1071C0002146384603F00AFB0028A2D0A37873704A
:1071D00023781C441D44ADB26378B8E7064A2046C4
:1071E000402303F03FFB8AE770650020F0ED00E0EC
:1071F0007265002080650020F064002038B51378A7
:1072000003F06003202B01D0002038BD294C938867
:1072100025789D42F8D15378203B032BF4D8DFE842
:1072200003F008151E02012936D0032939D00120A8
:1072300038BD01290CD00329F9D11F4B002BF6D002
:107240001E490020AFF30080012038BD0129EED196
:1072500011460723194A03F0AFFB012038BD01296D
:107260001AD00329E3D1164B55881B781548257190
:1072700013F004011CBFE94301F0010102F08AFB95
:10728000114B002BD3D0C5F3400205F001010020C3
:10729000FFF7A2F9012038BD114603F075FB01206C
:1072A00038BD0A4B002BC2D051880020AFF30080BC
:1072B000BDE700BF70650020000000007865002079
:1072C000B460002094650020D96502000000000031
:1072D0002DE9F0475F4CE2788A420D4680461F4612
:1072E00059D15D4E9AB2314604F1100002F0A4FA71
:1072F0005A4BC3B16379FF2B15D0A7B106EB070A30
:1073000004F1100902E056450DD0637916F8012BFF
:107310009A42F8D1484602F0D1F90028F3D16179B8
:10732000AFF30080EFE74E4B23B14E4802F0C6F9B1
:10733000002863D002F066FB002862D1A3789D424A
:1073400002D00120BDE8F087474B13B10020AFF316
:10735000008002F057FB00282BD1444802F09EF930
:107360000028EED1002FECD017F03F07E9D1A1782B
:10737000404603F057FA0028E3D0A17840463B4648
:107380003A4603F06FFA0028DBD1394B1B68DA0765
:107390000CD500BED6E7A3788B42D5D0344B1B6802
:1073A000DB0703D500BE0020BDE8F0870020BDE864
:1073B000F08702F02FFB05460028CED12B4802F0C3
:1073C0006DF90028C9D0A178284603F02BFA0028CF
:1073D000C3D040222749254802F08AF903460028F5
:1073E0002CD02846234AA17803F03CFA0028A8D1E3
:1073F0001F4B1B68D907B0D500BEAEE7AFF30080C6
:1074000098E702F007FB0646002897D1E378002BA7
:1074100094D0144802F05AF93F288FD9E1783046C9
:1074200003F000FA002889D00E4802F04FF93F28F7
:10743000304607D8E17803F005FA7FE7A17803F03A
:1074400001FA8AE74023044AE17803F00BFAA378B3
:1074500075E700BF70650020F064002000000000A8
:1074600000000000806500200000000094650020FE
:10747000F0ED00E030650020704700BF012070474C
:10748000704700BF704700BF044B0022C3E90022D1
:10749000C3E90222C3E90422704700BFC869002083
:1074A00001207047044B0022C3E90022C3E90222F5
:1074B000C3E90422704700BFC86900202DE9F043EA
:1074C0004B79032B83B004D00024204603B0BDE8E1
:1074D000F0830B79C3EBC3041234A4B2944205D9F0
:1074E000254B1B68DA07EFD500BEEDE7234A557838
:1074F000002D3ED0557B002DF2D102F10C054FF44A
:10750000A0770E788A1992F801C0BCF1210FE7D15B
:10751000AA608946895D80466E1CA81C1144CDE98D
:1075200000061A464046032303F0B8F80028D7D0D7
:1075300099F80630A978012B04BF99F80730EB7051
:107540000123AB7199F80220AB682A70B3F80730B9
:10755000AB800029B9D00A4A40463A44402303F0A0
:1075600081F90028B1D1044B1B68DB07ADD500BE03
:10757000ABE715468027C4E7F0ED00E0C8690020BE
:10758000486800202DE9F047137803F01F06012E0C
:1075900082B003D0002002B0BDE8F087DFF8088297
:1075A000978898F80040FFB2BC4200F0B08098F88D
:1075B0000C40BC42EED13746B4464FF0C00E4FF0FF
:1075C000130A4FF0120913F060030C4605461646E5
:1075D00004D1012900F0A4800120DCE7202BD9D1BF
:1075E0005378013B0A2BD5D801A252F823F000BFF3
:1075F000C5760200BB760200A576020095750200F2
:10760000957502009575020095750200957502004A
:10761000657602003D7602001D76020001291BD02E
:107620000329D9D173880C2606FB0786DBB2604696
:107630001946B371FFF720FF0120ACE70129CBD138
:1076400073880C2202FB07871B0A60461946FB71F0
:10765000FFF714FF00289DD03146284603F094F927
:10766000012098E7012900F086800329B4D1F4882D
:1076700071884B4B402C4FEA1122204628BF4020F6
:1076800011F0FF01734407D0012C05D91C788C42FE
:1076900002D1013880B2013300906046FFF7D4F97F
:1076A000012078E7012997D108EB090231462846E5
:1076B000234603F081F920466DE701298CD108EBC0
:1076C0000A02F3E7012987D1F3887188344F402BF0
:1076D0004FEA1122184628BF402011F0FF017744DD
:1076E00054D0012B52D9013880B239707B1C0090E4
:1076F0006046FFF793F90444A3B2002B49D1294A0D
:107700001268D2077FF546AF00BE184643E74FF038
:10771000000E7746F4464FF0070A4FF0060952E78D
:107720005378062B7FF436AF53881B0A212B12D0D7
:10773000222B7FF42FAF6046FFF768F97B001F44D0
:1077400008EB8708024631462846B8F8043003F0B3
:1077500033F920461FE77B001F4408EB8708D8F861
:107760000820002A3FF416AF1378314602B0BDE876
:10777000F04703F021B9F388402B3FF60BAF084ADE
:107780003146724403F018F9204604E73B460024D2
:10779000ADE73A463146284603F00EF90120FAE6F5
:1077A00048680020F0ED00E0C8690020F0B52C4CDE
:1077B000A67865788E4283B0074610D0A9422CD0B7
:1077C000A07B657B88423FD0A94244D0254B1B68F3
:1077D000DA0702D4002003B0F0BD00BEFAE780262D
:1077E0004FF0400C0020A9429BB21AD01E4D3544E8
:1077F000FAB9009311462B460222FFF725F92A46D3
:10780000A1783846402303F02DF80028E3D1154B2A
:107810001B68DB07DED500BEDDE74FF0400C002023
:107820009BB2114961444AB91A46FFF729FE01206B
:10783000D1E72A460221FFF725FEE0E70A460121AB
:10784000FFF720FE0120C6E70C344FF4A0764FF47A
:10785000807C0120C7E74FF4807C0120E0E700BF77
:10786000C8690020F0ED00E04868002070B5194CB0
:1078700082B000210D464FF4EC7220460AF0E4FB82
:1078800004F138010123802204F11000009501F079
:10789000C9FE04F1B80101238022009504F12400FF
:1078A00001F0C0FE04F59C71012007F0D3F804F547
:1078B000C4710646012007F0CDF830B9064B1B68AD
:1078C000DB0700D500BE02B070BDC4E90756C4E9AD
:1078D0000C05F8E7606A0020F0ED00E038B5094CCF
:1078E000206A256B20B107F0ADFC0023C4E9073303
:1078F0002DB1284607F0A6FC0023C4E90C33012073
:1079000038BD00BF606A002010B5084C002304F1A8
:107910001000C4E90033C4E9023302F01BF804F19B
:107920002400BDE8104002F015B800BF606A0020D6
:107930002DE9F0434B79012B83B004D00025284674
:1079400003B0BDE8F0838B79012B0C46064616D0B8
:1079500049780429F2D10025032BEFD1E379002BDC
:10796000ECD1DFF8FC8098F8013013B998F8027078
:107970000FB3384B1B68DB07E0D500BEDEE7CB79E1
:10798000002BDBD10B781C449DB2617824290BD1EC
:10799000954202D9D2E7AA42D0D323781C442B4483
:1079A000617824299DB2F6D00429C7D16379012BCF
:1079B000C4D1A379D0E7A37888F8003094F8009078
:1079C00021794D44ADB2A14439B925E099F8003090
:1079D0008F421D44ADB299441ED2AA421CD399F8DD
:1079E0000130052BF2D149463046019202F0F6FEF5
:1079F000019A0028BDD099F80230D90914BF88F83F
:107A0000013088F8023099F80030217901371D449F
:107A1000FFB2ADB29944D9E70F4801F057FE3F28B5
:107A20008DD998F80210002002F0FCFE002886D0C4
:107A3000094801F04BFE3F2898F8021003D80020B7
:107A400002F000FF7BE7054A4023002002F00AFF16
:107A500075E700BFF0ED00E0706A0020206A0020AA
:107A6000606A002000207047F8B53C4DAA788A4231
:107A70001F4612D19AB23A4905F1100001F0DCFE1E
:107A8000384B13B10020AFF30080374801F01EFEE1
:107A90003F282CD801242046F8BD6B788B4208D0B3
:107AA000324B1C6814F00104F5D000BE00242046BF
:107AB000F8BD064605F1240001F0F0FD40BB2C485E
:107AC00001F0ECFD0028E5D1002FE3D017F03F07CF
:107AD000E0D16978304602F0A5FE04460028D9D0EE
:107AE000697830463B463A4602F0BCFED3E7A978B7
:107AF000002002F097FE04460028CBD01A4801F07F
:107B0000E5FD3F28A9781ED8002002F09BFEC2E7C1
:107B10006978002002F086FE0028D0D04022154966
:107B200005F1240001F0E4FD034690B1114A6978A3
:107B3000002002F097FE0028ACD10C4B1B68DB073D
:107B4000BDD500BEBBE7064A4023002002F08AFEF6
:107B5000A1E7697802F076FEB1E700BF606A002015
:107B6000206A002000000000706A0020F0ED00E0B4
:107B7000846A0020E069002030B4114B9C689A6B45
:107B800093F83C5083F82C10A21A022183F830108D
:107B90009A6225B942F2050183F83E50998744B1B3
:107BA0003AB11A7BD20906D193F82F1030BC02F0FB
:107BB00099BE30BC704793F82E1030BC02F092BED4
:107BC000386E002038B5214B214C05461BB1607B37
:107BD000FFF736F8A8B1A06BA36894F82F101D4AE0
:107BE0001B1AB3F5007F28BF4FF4007328469BB2E1
:107BF00002F038FE20B9184B1B68DB0700D500BE29
:107C000038BDA268A36B84F83E0042F20771D31A14
:107C10000120A1870221A36284F82C0084F830108F
:107C2000002AEDD0002BEBD0237BDB0906D194F8A2
:107C30002F102846BDE8384002F054BE94F82E10AC
:107C40002846BDE8384002F04DBE00BF416C02003E
:107C5000386E0020386C0020F0ED00E070B5304C3C
:107C6000E28AA36852BA92B286B0054612B1B3FB5B
:107C7000F2F292B2A66BD4F81110607B9B1BB3F5A5
:107C8000007F28BF4FF4007309BA0093B6FBF2F3EC
:107C900002FB13621944234BFEF79AFF031E20DBFD
:107CA00094F82E200DD011469BB228461D4A02F0B2
:107CB000D9FDA0B91C4B1B68DB0710D500BE06B070
:107CC00070BD0724194603A88DF80C508DF81020BC
:107CD00005938DF811308DF80D4002F0B7FB06B01A
:107CE00070BDA268A36B43F602200021D31AA087BF
:107CF00084F83E1001200221A36284F82C0084F84D
:107D00003010002AEBD0002BE9D0237BDB0914BF15
:107D100094F82E1094F82F10284602F0E3FDDEE7C9
:107D2000386E0020386C0020F0ED00E010B4054CF7
:107D3000012084F83C1084F83D2084F83E305DF842
:107D4000044B7047386E00204022002101480AF0A1
:107D50007BB900BF386E00204022002101480AF0A4
:107D600073B900BF386E00204B79082B01D000207A
:107D700070478B79062BFAD1CB79502BF7D1162A85
:107D800006D81C4B1B68D907F1D500BE00207047F0
:107D900070B5194D8B7885F82D300B7882B005F1D0
:107DA0002F0205F12E0619440223CDE900261A46BA
:107DB000044602F073FC48B90E4B1B68DA0702D583
:107DC00000BE02B070BD002002B070BD204695F824
:107DD0002F100A4A00241F2385F8304002F042FD8C
:107DE00030B9044B1B68DB0702D500BE1720E8E75B
:107DF0001720E6E7F0ED00E0386E0020386C002038
:107E0000012901D001207047F0B5137803F07F01FC
:107E1000022985B0054606D003F06003202B1AD056
:107E2000002005B0F0BD5478012CF5D15388002B0B
:107E3000F6D1434E918896F83030042BC9B279D0F0
:107E400096F82E408C423DD096F82F408C4257D069
:107E5000012005B0F0BD5378FE2B16D0FF2BDFD1EB
:107E60005388002BDCD1D488A3B2002BD8D1344E58
:107E70001146284686F83030C6E90D33B48786F8B7
:107E80003E3002F081FD0120CBE75388002BC7D1A3
:107E9000D388012BC4D12B498DF80F3000294DD048
:107EA0000192FEF7E5FD019A0028B9D0431EDBB22E
:107EB00004AC114604F8013D28462246012302F095
:107EC0007BFDC5E7022BC3D1B26BB3681E4F9B1A73
:107ED000B36206F120030FCB07C73A46214602F8EA
:107EE0000C39032428460D2386F8304002F0BAFCF2
:107EF0000028ADD1154B1B68DB0791D500BE90E77C
:107F0000002BA5D1214602F0DFFC0028A0D121469C
:107F1000284602F005FD00289AD1002496F82F107B
:107F2000094A86F8304028461F2302F09BFC0028AF
:107F3000E0D08DE702F0D6FC204672E70B46B7E7AB
:107F4000386E0020716A0200386C0020F0ED00E00D
:107F50002DE9F041B44C94F83050012D8EB01E46FE
:107F6000074645D028D3032D05D0022D5FD0012030
:107F70000EB0BDE8F08194F82E308B42F7D10D2E73
:107F8000F5D1E37B282B00F01A812A2B40F00D81DC
:107F9000A64B13B1607BFEF747FE002594F82F1027
:107FA000A34A84F830501F23384602F05BFC0028B7
:107FB00061D094F83050D8E794F82F508D42D6D144
:107FC0001F2B06D1DFF868829A4BD8F800209A421E
:107FD00071D0042394F82E1084F83030384602F023
:107FE00081FC384694F82F1002F07CFC0020BFE79B
:107FF000B3F5007F08D9904B1B68D90700D500BEA8
:1080000000200EB0BDE8F081E27BA36B282A00F0CF
:1080100087802A2A00F08F80217B626B1E44CB0967
:10802000A66336D096422CD3022384F8303094F8DD
:108030002E10384602F074FC002898D1A368A26B79
:1080400094F82E60934202D9217BC9092ED19B1A44
:108050007A4AA3620FCA764D07C52A46314602F80E
:108060000C39032538460D2384F8305002F0FAFB12
:1080700000287FF47CAF704B1B68DB07C0D500BEC7
:1080800076E76D4B1B68DA0793D500BE94F8305045
:108090006BE793B2607B664A04F10F01FEF778FD4F
:1080A0000028C0F29F80A66B626BBBE73146384662
:1080B00002F018FC5BE7C446BCE80F0026460FC67A
:1080C0009CE80F0007C626F8023B1B0C3370D4E96E
:1080D0000123E17B5A4E626201200022282963635A
:1080E0002662A26284F82C20A26384F8300000F09B
:1080F000AD802A2900F0DF80002B00F0EF80227B8A
:10810000D20940F0EB80B3F5007F00F26F819BB2A3
:108110002946474A384602F0A5FB0028ABD048E77D
:10812000626B1E449642A663BFF47EAFFFF796FDD6
:1081300094F8305019E7E28A52BA92B21AB1A168A3
:10814000B1FBF2F292B2D4F81110394DB3FBF2FC4C
:1081500009BA02FB1C32607B009661442B46FEF795
:108160004DFD0028C0F2FB81864230D9361A40B15D
:10817000A36B291813FA80F332462846A36309F04B
:108180004AFF002394F82F508DF818500722194603
:1081900005A88DF8147007968DF819308DF8152004
:1081A00002F054F994F83050DFE6264B002B3FF4F0
:1081B000F4AE04F10F01607BAFF30080EDE6224BDB
:1081C000002B3FF4EAAE607BAFF30080E5E6D4E934
:1081D0000D231E449642A663BFF426AF3846FFF730
:1081E000F1FCE6E6A368A66B94F83C1084F82C50EA
:1081F0009A1B0220A26284F8300021B942F20500E5
:1082000084F83E10A087002B3FF44EAF002A3FF4C5
:108210004BAF237BDB0940F0E58194F82F10384603
:1082200002F060FB3FE700BF386E0020296C0200BF
:10823000386C002055534243F0ED00E0586E0020AA
:10824000555342530000000000000000E28A52BA79
:1082500092B20BBB002A3FF4E7AE94F83C10A36245
:10826000022284F82C2084F8302000297FF4DFAE2D
:1082700042F205010022A18784F83E20002B3FF442
:10828000D6AE237BDB0940F09A812946384602F0BE
:1082900029FB94F8305068E6207BC00913D0002AEF
:1082A00000F08081B3FBF2F2002A00F0A3812829BC
:1082B000384694D13AE7E28A52BA92B2002BC9D03A
:1082C000207BC009EBD094F83C10A362022284F812
:1082D0002C2084F830200029CAD0D2E7667B2529DB
:1082E00000F22B81DFE811F0220129012901E500CC
:1082F000290129012901290129012901290129012E
:10830000290129012901290129012901BD0029018A
:108310002901290129012901290129019900870041
:1083200029012901710029012901290129014C0094
:1083300029012600304604AA05A9FEF717FC059B73
:10834000002B00F04481BDF81020002A00F03F818E
:10835000013B1BBA12BAC8E900320820A368002BFF
:1083600044D0984228BF184683B26063A64A94F866
:108370002E10384602F076FA00283FF47CAE18E65C
:1083800005AD00230DF10E02304604A96B60059384
:10839000AB60FEF7EBFB049A002A00F01881BDF8F1
:1083A0000E30002B00F0138112BA082106925BBA3E
:1083B0000222ADF81E308DF817108DF81C2095E8BC
:1083C000070088E807000C20C8E7904B03B330464D
:1083D000227DE17CAFF30080D0B994F83C302BB91A
:1083E00043F602220023A28784F83E30012138465A
:1083F000FFF7C2FBDDE5864B53B1E17C3046C1F3AC
:10840000400301F001020909FEF7CCFB0028E4D08B
:10841000A368002B3FF408AEE8E79DF816307D49CD
:10842000002203F0800362F3C7138DF81630032394
:108430008DF815208DF817208DF81430002900F0E4
:10844000E1803046FEF7FCFB9DF8163080F001001D
:1084500060F3C7138DF81630059BC8F80030042070
:108460007CE74FF0203302250022CDE9052230467B
:1084700007A909AA08934FF0800C079309930D935D
:10848000CDE90A330C931F260DAB8DF816508DF8ED
:10849000175005AD8DF818608DF815C0FEF7F0FA8D
:1084A0000FCD594E0FC60FCD0FC62B683360242059
:1084B00054E794F83C2094F83D0094F83E10DFF81F
:1084C00048C1DFF858E14FF000084FF00003CDE954
:1084D0000588CDE9078862F303038DF81630F02292
:1084E0000A23ADF824808DF820008DF821108DF836
:1084F00014208DF81B3005AD0FCDACE80F002B68B4
:10850000ACF80030BEF1000F76D0ACF1100130466F
:108510004FF40072AFF300800028A4F83C8084F888
:108520003E800FDB00283FF473AF17E73046FEF7BD
:10853000F9FA00283FF451AF6AE794F83C30002B79
:108540007FF454AFA38E304A3349607BFEF720FBA3
:108550000028FFF64BAF00283FF45AAFFEE6A36BAE
:10856000A2681E4443F602200021931BA08784F8D2
:108570003E1001200221A663A36284F82C0084F837
:108580003010002A3FF453AD002B3FF450AD237B55
:10859000DB0914D194F82F10384602F0A3F994F8AF
:1085A0003050E2E4012294F83C1084F82C2002229E
:1085B000A36284F8302000293FF45AAE5EE694F8B6
:1085C0002E10384602F08EF994F83050CDE494F82D
:1085D0003C30002B7FF40AAF43F6022284F83E3091
:1085E000A28703E794F82E10384602F07BF9D4E90D
:1085F0000D2617E50222D6E7A4F83CE084F83EE019
:108600001220ABE601201FE7386C002000000000BC
:10861000A56B0200416C0200476E002000000000C4
:1086200070B5134C134E84B020464FF4AE72002147
:1086300009F00AFD4025002304F58E720092CDE971
:1086400001561A46194604F1B000039504F068F982
:108650002E4404F170020023CDE90025CDE9026526
:10866000201D1946012204F05BF904B070BD00BF63
:10867000F86E0020786E002010B5054C04F1B000B3
:1086800004F07AF9201D04F077F9012010BD00BF35
:10869000F86E002038B5074C2046002500F8B85B7E
:1086A00001F058F904F10C0001F054F984F8B150CC
:1086B000657138BDF86E00204B79FF2B01D000208A
:1086C00070472DE9F04FDFF824B19BF8B13083B04B
:1086D0004BBB9BF8053033BB0B788A460AEB02058F
:1086E0000AEB030489788BF80010A542064614D9DA
:1086F0001AF80320A3189D420FD36278042A0CD0E5
:108700000B2A0AD0052A0BF1B8080BF1B0070BF1C0
:108710000C0917D09D421C4609D8A4EB0A0080B270
:1087200003B0BDE8F08F002003B0BDE8F08F1A78E9
:1087300013449D42F1D36278042AEED00B2AECD088
:10874000052AE7D12146304602F048F8002843D0F8
:10875000A378DB0905D19BF8B1301BB32278A318AD
:10876000D8E79BF80530002BF8D14846019301F07B
:10877000F1F8A2788BF80520A2889BF804C0019B31
:108780001849C2F30A02A2F50072B2FA82F2520943
:1087900062F3410C18468BF804C004F037F92278D4
:1087A000A318B7E7404601F0D5F8A3788BF8B130AD
:1087B000A3889BF8B020C3F30A03A3F50073B3FAB0
:1087C00083F35B0963F34102394630468BF8B020EE
:1087D00004F064F90028C1D1034B1B68DB07A2D564
:1087E00000BEA1E7FC6E0020F0ED00E0F86E002076
:1087F00070B51C4C94F8B1208A4205461E460FD134
:10880000B4F8BC20F2B9184B23B1B2B2174900201A
:10881000AFF300802846164904F040F9012070BDEE
:1088200063798B4201D0002070BD124B1BB1B1B2F5
:108830000020AFF300801049284604F0E7F848B163
:10884000012070BDB2B2D4F8B41004F1B80000F049
:10885000F3FFD8E732462846074904F099F801208B
:1088600070BD00BFF86E002000000000786E002090
:10887000A86F002000000000FC6E0020F8B50E6814
:108880008D88B7783544AE420BD23B469F42344682
:1088900003D10BE06378042B05D023781C44A54258
:1088A000F8D80020F8BDA3789F42F6D1E3789A4229
:1088B000F3D1A542F5D9237D012B06D9144B1B68B2
:1088C000DA07EED500BE0020ECE723790D46DBB1D8
:1088D000012BE6D12278E389617A134411442344C1
:1088E0002144994204D3DCE70A7811448B42D8D959
:1088F0004A78052AF8D101F071FF28B9044B1B68AA
:10890000DB07CED500BEF8BDA41BEC800120F8BD6E
:10891000F0ED00E0C28832B9654B1B68DB0700D57B
:1089200000BE00207047F0B40378624803EB830474
:1089300003EB4403C058831803D08E781C7BA642F7
:1089400007D95B4B1B68D90700D500BE0020F0BCDF
:1089500070472EB9012C01D90120F8E701268E704D
:1089600001248C60C1F80E404C7700256FF03F0465
:1089700081F822508C766FF003056FF06404CD7699
:108980000C774D4DC1F81E50082481F82340825CBD
:10899000B3F80D4014441C441344A342D1D2474FB2
:1089A0009D78102D0CD827FA05F0C04310F0010077
:1089B00006D1DA78964203D107E05A78242AEFD01C
:1089C0001A7813449C42F8D8BBE79C42B9D0062DD4
:1089D00006D0102D04D0042DB9D1012248730A739A
:1089E000CF781A79974218D81FB9012AB4D801272D
:1089F000CF701A781A44A2420FD2967806F0FD0C76
:108A0000BCF1050F0FD0112E03D10CE05678242EA7
:108A1000F3D0167832449442F8D8254B1B68DA0715
:108A200094D500BE93E7D678B742F2D19442F4D001
:108A3000D1F812408CB9062D30D0102D2ED0042D37
:108A400009D1B2F80560B2F807505C7D05FB06F36A
:108A500004FB03F4E408C1F812404B6863B9557E87
:108A6000012D3FF679AFD2F81A3025B9D2F81E2081
:108A70009A427FF471AF4B60114AA2FB03235A0B59
:108A8000CBD0631E1344B3FBF2F30233B3F5807F04
:108A900028BF4FF48073C1F816305DE7B2F8053097
:108AA000B2F8074004FB03F42401E408D3E700BF55
:108AB000F0ED00E0547000200301010150100100AE
:108AC0005917B7D12DE9F84F0B785D4C03EB8305AF
:108AD0000E4603EB45030989E7589146804679B174
:108AE0003944CB7803F00303012B00F094807389A1
:108AF00033B13B44DA7802F00302012A00F091809E
:108B00007488B58800233C44B381F3813382738237
:108B1000B382F3823D44A278AC4238BF134609D2F7
:108B20009A4203D10CE06378042B06D023781C44CE
:108B3000A542F8D80020BDE8F88FA3789A42F5D175
:108B4000E3789945F2D1A542F4D994F804A0BAF19A
:108B5000020F15D8E31BF380B9F1000F16D023786C
:108B60001C44BAF1000F4CD04FF0000B06E06378C4
:108B7000052B28D0042B03D023781C44A542F6D81B
:108B8000304B1B68DA07D5D500BED3E7737F012BC6
:108B900012D006F11E03494686F81D90A6F81890DB
:108BA000A6F81A901846302209F04EFA01463046CF
:108BB000FFF7B0FE0028BDD023781C44BAF1000FA7
:108BC000D2D10120B7E7E37803F00303B9F1000F36
:108BD00001D0012B18D0022BACD12146404601F028
:108BE000FDFD28B306EB4B03E21B1A8122780BF143
:108BF00001039A4514444FF0010BBFD8B9F1000F9F
:108C0000DFD002237377DCE7A388B269C3F30A03DA
:108C10009342E2D28EE700233381897801F08EFE01
:108C200065E7002272819978404601F087FE67E788
:108C3000044B1B68DB077FF57DAF00BE7BE700BF01
:108C400054700020F0ED00E010B4064C06480023FC
:108C5000C4E900331946C4F807304E225DF8044BCE
:108C600009F0F2B9547000206071002001207047B3
:108C700010B4064C06480023C4E900331946C4F872
:108C800007304E225DF8044B09F0DEB95470002025
:108C9000607100202DE9F0414B790E2B04D04FF08C
:108CA00000084046BDE8F0818B79012BF7D1CB79E4
:108CB000012BF4D13E4E33682BB13E4B1B68DB07D2
:108CC000EDD500BEEBE714460F461A463146054681
:108CD0003760B480FFF7D2FD0028E0D0F288336817
:108CE000B97813443C44A74293F814C03B4605D3DB
:108CF00008E05A78042A4DD00B2A4BD01A78134436
:108D00009C42F6D8BCF1000F4ED02B494A88002A6D
:108D1000D3D1D81B1FFA80F83272A1F802809C428E
:108D200093F802E00A8098BF034605D80BE05A7812
:108D3000042A2BD00B2A29D01A7813449C42F6D847
:108D4000DB1B1FFA83F80022BCF1010FA1F804809D
:108D50004A77B2D117FA80F017FA83F398428178F4
:108D60000AD282788A4203D118E04278042AF8D0E5
:108D7000027810448342F8D8284600220E49FFF7B3
:108D8000A1FE00288BD0A6F804808AE79A78724565
:108D9000D2D0D5E79A788A42B0D0B3E7C278012A18
:108DA000E6D18342EFD1E7E7DB1B1FFA83F8EAE75E
:108DB00054700020F0ED00E0607100202DE9F047D4
:108DC000167806F01F04012C8CB004D00024204635
:108DD0000CB0BDE8F087DFF8F892B2F804C0D9F81B
:108DE0000070804615465FFA8CF317B1BA789A4244
:108DF0002CD0B44F7C88002CE9D03A7802EB82006A
:108E000002EB400259F802E07444A2789A42DDD1A4
:108E1000C6F34116F3B2002B00F09C80012B12D157
:108E20005FEA1C2C0FD16B881B0A022B00F02E81ED
:108E3000062B00F01781012B00F0F580A24B1B6878
:108E4000DB0700D500BE07233B77BFE7C6F341161B
:108E5000F4B2002C47D0012C25D15FEA1C2C26D07F
:108E6000B9F80620BB18B95CDA89114419448B4261
:108E70000ED29A78023A052A06D8DA78624503D1EA
:108E800007E05A78242AF4D01A7813449942F8D883
:108E900049B1002389F80930012498E78A4B1B68FF
:108EA000D90700D500BE072389F809308EE76B8803
:108EB0001B0A012B00F09580022BEFD16B78812BE0
:108EC00000F04781862BE9D10129E2D10B464046CB
:108ED00029467E4A01F070FD0028DAD1FF2389F887
:108EE0000930002473E76B780A2B4AD00B2B3ED154
:108EF0000129CED1EB88002BF0D1B9F80630FA1851
:108F00001179A9B1F85CD189537A0144034413441F
:108F10000A44934205D395E119780B449A4240F2F2
:108F2000918159780529F7D19978404601F006FDDD
:108F30000026A9F806606A8865494046FFF79EFC4E
:108F400004460028CAD02946404601F01DFD89F894
:108F500009603CE76B780A2B27D00B2B7FF46EAFB0
:108F6000012900F0BD8000233B7701242FE7564BF9
:108F70001B6813F001032FD107221C4689F8092032
:108F800025E7012985D1EB88012BA7D1B9F8062067
:108F9000BF18A3D00CAAF97802F8301D294601F0B9
:108FA0000BFD04460028D2D198E70129DBD1EB88DC
:108FB000012B35D1FB889BB31EEB030330D00CAAE9
:108FC000DB7802F8303D40460B46294601F0F4FCC0
:108FD000044628B33E77FAE600BE072389F8093035
:108FE000F5E66B78812B00F0D180862B00F0BE80F7
:108FF000012B7FF453AF012900F0CB8002297FF4CD
:1090000048AF344B002B3FF444AF99F80A100020CE
:10901000AFF30080B0FA80F489F809006409D6E65D
:10902000FF233B77D2E67B7F0BB187F81DC06C78BE
:10903000842C61D8822C65D2012C00F00A81812C0D
:109040007FF4FCAE01298ED1EB883BB12946404626
:109050003023214A01F0B0FC002884D1FF233B7764
:109060000024B4E66B78812B00F0A180862B7FF47E
:10907000E5AE01297FF477AF294640460123134A24
:1090800001F09AFC00287FF46EAFE7E76B78812B44
:10909000D8D040F2B080852B00F09780862B7FF4EB
:1090A000CDAE01297FF45FAFEB88012BD6D10B4603
:1090B00040462946094A01F07FFC00287FF453AF5F
:1090C000CCE700BF60710020F0ED00E0BD3D030083
:1090D00054700020000000007E710020BE3D03009F
:1090E0006A8839464046FFF7EDFC002898D02946AB
:1090F000404601F049FC36E7862CD2D065D3872C58
:109100007FF49CAE01297FF42EAFEB88002BA5D015
:10911000B64EE94606F1300A30687168B268F36805
:10912000CC46ACE80F0010365645E146F4D19DF828
:109130000210002940F09F80832C00F08381872C4F
:1091400000F06481822C00F0618108233B770024C9
:109150003DE601297FF49DAE294640460123A44AFD
:1091600001F02AFC00287FF494AEB7E601297FF4D1
:1091700090AEEB88012B7FF4B1AE294640469D4A64
:1091800001F01AFC00287FF484AEA7E601297FF4E1
:1091900080AEEB88012B7FF4A1AE29464046012327
:1091A000954A01F009FC00287FF473AE96E6012988
:1091B0007FF4D9AE0B464046294607F11C0201F068
:1091C000FBFB00287FF4CFAE48E701297FF4CBAE4C
:1091D000EB88022B7FF442AF0CAA302122F8301D1D
:1091E0004046294601F0E8FB044600283FF436AF2C
:1091F00000233B77EBE5012B7FF420AE01293FF400
:1092000025AF02297FF4AFAE7849A1F11E00FFF728
:1092100081FB044660B3794B7A6BBA613BB1734A08
:1092200079783878AFF3008000287FF49CAE7449D9
:10923000002302204FF480720880C7E903337B616A
:10924000BA83C4E56F4B1B68D8077FF547AE00BEF5
:1092500044E601293FF4FAAE02297FF484AE634963
:10926000A1F11E00FFF756FB044600287FF47BAEF9
:1092700008233B77ABE59DF8030000287FD1FA88EF
:10928000002A3AD01EEB020337D01EF80220B3F8B2
:109290000D005D4E10441844134498420FD99A783B
:1092A000102A04D826FA02F2D20700F1D5801A78E3
:1092B00013449842F1D95A78242AF8D1EDE70346AD
:1092C000832C5AD0872C4CD0822C7FF43EAF0121C6
:1092D0008DF803101A781A44904237D9947804F024
:1092E000FD06052E10D0112C0ED014782244904289
:1092F000F2D95478242CF8D1EEE7424B1B68D907F9
:109300007FF523AF00BE20E7D478A142EDD1997854
:1093100006291DD010291BD004297FF416AFB2F8FE
:109320000510B2F807205B7D02FB01F203FB02F39C
:10933000DB08CDF812306A4629464046302301F05A
:109340003BFB044600283FF489AE51E70246DEE7C6
:10935000B2F80510B2F8073003FB01F31B01DB087C
:10936000E7E79A78062A06D0102A02D0042A7FF46A
:10937000ECAE997DACE79979AAE71979A8E7019B4A
:10938000002BD8D1FA88002AB7D01EEB0203B4D044
:109390001EF802E0B3F80D20DFF86CC072449E188E
:1093A00073449E420ED99A78102A03D82CFA02F2FE
:1093B000D20756D41A7813449E42F2D95A78242AF6
:1093C000F8D1EEE733461A7813449E4264D99A786E
:1093D00002F0FD01052948D0112A46D01A7813441D
:1093E0009E42F2D95A78242AF8D1EEE77E71002005
:1093F0005D700020BE3D03005E7000200000000094
:1094000060700020F0ED00E05010010001238DF8A5
:10941000023001234FF00112029300230392ADF8B2
:1094200010304FF6C0428DF8223040F29B13ADF859
:109430001A20ADF81C30404ACDF81E2008238DF8C4
:10944000233078E7FB88002BE3D01EEB0303E0D04A
:109450001B7B8DF80230DCE7DA7891427FF427AF8E
:109460002EE7DA789142A5D1ADE7DA789042B5D10E
:10947000823C052C3FF669AE01A252F824F000BFF1
:1094800001950200E5940200C79402004B9102008E
:109490004B9102009D9402003346E9E7D3F8151082
:1094A00042F21073B1FBF3F3019100293ED0DDF8D5
:1094B00012208BB9931CB3F5807F28BF4FF48073C3
:1094C000CDF8163037E75A7E72BBD3F8221042F23D
:1094D0001073B1FBF3F3E7E7013A1A44B2FBF3F37D
:1094E0000233E8E75A7ECAB1053203EB8202D2F8B2
:1094F0000210D3F81A3042F21072B3FBF2F3D3E742
:109500005A7E72B1053203EB8202D2F80220D3F800
:109510001A1042F21073B2FBF3F3C5E7D3F81E1032
:10952000E7E7D3F81E20F2E7002301930023ADF80C
:109530001630ADF81830FEE6030101012DE9F84FB1
:10954000334C238953B12278324F02EB820502EB70
:1095500045057D592B449F788F420AD02E4B1B68BE
:10956000DB0703D500BE0020BDE8F88F0020BDE872
:10957000F88FD4E904369E4205460BD327490023D1
:10958000C4E90333636119B161781046AFF3008019
:109590000120E9E701F046F90028E7D0DFF88090E4
:1095A000A36999F80000D4E9042BA2EB0B0808EB9F
:1095B00000069E4228BF1E46B04213D9164B1B68B8
:1095C00013F0010301D000BE002339462846144A97
:1095D00001F048F90028DBD10F4B1B68DA07C5D52D
:1095E00000BEC1E7E168A6EB000A59444844524670
:1095F00008F006FD0BEB0A03D0456361B3B2E4D17A
:1096000099F8012042F0020289F80120DDE700BF4D
:109610006071002054700020F0ED00E000000000B8
:10962000607000202DE9F041B2F5004F9DF81880E0
:1096300030D80446C0681E460F46154618B14FF094
:10964000FF3105F049FC206918B14FF0FF3105F0FA
:1096500043FCE288E068276066F30E02C2F307214C
:10966000002368F3C711E2806381A580E171238143
:1096700018B11A46194605F013F8206938B10023CD
:109680001A46194605F00CF80120BDE8F0810120CA
:10969000BDE8F0810020BDE8F08100BF0389428968
:1096A000808892B29BB2934236BFC2EB40029B1AB3
:1096B0009B189BB2984228BF18467047028943897D
:1096C0009BB2981AB0FA80F040097047038942892A
:1096D000808892B29BB2934236BFC2EB40029B1A83
:1096E0009B189BB2984286BFC01A80B20020704778
:1096F0002DE9F843054600690E46174618B14FF0AC
:10970000FF3105F0E9FB2B896989A8889BB289B2F2
:109710008B4236BFC1EB40045C1AE418A4B2002CA3
:109720004AD0A04206D283422CBF191A191889B216
:1097300069810446BC4228BF3C468842A4B203D893
:10974000091A89B28842FBD9EA882B68401AC2F309
:109750000E0887B21FFA88F2BC4202FB013125D9FC
:1097600017FB08F91FFA89F94A46304608F048FC09
:10977000E21B12FB08F206EB090092B2296808F01E
:109780003FFC6A89A88892B211198BB29A4215D906
:1097900040001B1A9BB228696B8120B100231A4636
:1097A000194604F07DFF2046BDE8F88302FB04F271
:1097B000304608F025FCE4E769898BB2400083421B
:1097C000E9DBE6E738B5054600690C4618B14FF00D
:1097D000FF3105F081FB29896B89AA8889B29BB288
:1097E000994236BFC3EB4200C81A401880B200B39A
:1097F000824209D291422CBF8B1A8B189BB29A429B
:109800006B8103D89B1A9BB29A42FBD9EA882968DC
:10981000C2F30E02204602FB031108F0F1FB012403
:10982000286920B100231A46194604F039FF204662
:1098300038BD0446F4E700BF2DE9F0471446002A7E
:109840004FD00546C0680F4618B14FF0FF3105F004
:1098500043FBEA792E896989AB88D209B6B289B20D
:1098600042D18E4236BFC1EB4301711A891989B2C8
:10987000994252D2591A89B28C42E88828BF0C46C4
:10988000C0F30E08B342304603D8C01A80B29842E3
:10989000FBD21B1A2A681FFA83F9A14508FB002096
:1098A00047D219FB08FA1FFA8AFA5246394608F0DD
:1098B000A7FBA4EB090212FB08F207EB0A0192B224
:1098C000286808F09DFBA3199BB2AA88B3424FEA0F
:1098D000420201D3934201DB9B1A9BB2E8682B81C1
:1098E000F8B92046BDE8F087E8889C42C0F30E082E
:1098F0000FD28E4223D3721A92B25800224482426F
:10990000C0DBCE18361BB6B2B14220D9361AB6B279
:10991000B8E7E41A08FB0477B3B9E8680024002824
:10992000DFD000231A46194604F0BAFE2046BDE8EF
:10993000F08708FB04F2394608F062FBC3E75800E1
:10994000421A324492B2D9E70E461C4698E7B0421A
:1099500098DCDBE710B50446C06818B14FF0FF3162
:1099600005F0BAFA206918B14FF0FF3105F0B4FAEA
:10997000E06800236381238118B11A46194604F078
:109980008FFE206920B100231A46194604F088FE94
:10999000012010BD38B5C379B1EBD31F1FD00446E9
:1099A000C0680D4618B14FF0FF3105F095FA2069F7
:1099B00018B14FF0FF3105F08FFAE379E06865F3F5
:1099C000C713E37120B100231A46194604F068FE5C
:1099D000206920B100231A46194604F061FE0120D7
:1099E00038BD00BF704700BF704700BF0020704700
:1099F00000207047704700BF704700BF704700BF2E
:109A0000704700BF024B5878003018BF01207047E4
:109A100008720020024B1878C0F38000704700BF26
:109A200008720020024B1878FF3818BF01207047D9
:109A3000146100202DE9F047374E3378FF2B82B0B8
:109A400004D00125284602B0BDE8F087002946D0A1
:109A50003822884607460021304808F0F5FA304B96
:109A60003049002501201D7004F0F4FF2E4B1860D2
:109A7000002834D02D4C2346626833F80C0B6188E3
:109A8000009504F09BFDA168054605F0FFFB284BFF
:109A90001D6075B3274B23B12748AFF30080274BD8
:109AA0001860254CDFF89CA02278DFF89090002504
:109AB0002B460EE0D9F8003013EB45130FD05B684E
:109AC0006BB1984722780135EDB2511DA9422B4662
:109AD00015DBAA42EED89B1A0AEB4313EFE7184BAB
:109AE0001B68DA0700D500BE0025284602B0BDE895
:109AF000F087134B1B68DB07F6D500BEA2E7414693
:109B00003846377001F050FE05460028F1D038463F
:109B100001F04CFE96E700BF14610020087200209F
:109B200008730020B871002040720020B860002047
:109B30004472002000000000B4710020B0710020C9
:109B4000F0ED00E0C03D0300B94B1B78FF2B00F0A7
:109B5000A1812DE9F04F04468BB04FF47A720023B7
:109B60008002A10D08F072F8B24DDFF8E4B2B24EF7
:109B70008246671C286800F02481002C00F02181B7
:109B8000BAF1000F14BF5246012207A905F012F8DE
:109B9000C0B19DF81D30013B072B00F21481DFE8B6
:109BA00013F0F200D300CA00BF00B7004100140058
:109BB0000800089B0BB109989847286805F038FB06
:109BC0000028D6D10BB0BDE8F08F9DF820109B4B3C
:109BD00001F07F0703EB470303EBD11393F8260053
:109BE0006FF3000083F8260093F826006FF38200DD
:109BF00083F82600002F00F04581914A1B7D1278E2
:109C00009342C0F03381501D9842C0F234819B1AB8
:109C10000BEB43139F699DF82120099B9DF81C00C5
:109C2000B847CAE7874A1378002B00F024811378DD
:109C3000013BDBB21370137803F0FF00002BBCD1A3
:109C4000DFF8F8919DF81C8099F8003043F001038B
:109C500089F8003099F8263060F3000389F826303F
:109C600099F8263060F3820389F8263099F8273076
:109C700060F3000389F8273099F8273060F38203F6
:109C800089F8273000F002FF9DF8203003F06002D1
:109C9000602A00F00681402A00F00A8103F01F03C9
:109CA000012B00F0D581C0F01281022B40F0F98029
:109CB0009DF8241001F07F07082F00F2F2807B004E
:109CC000C80901934B44034400905D481F7D03780D
:109CD0009F4280F00F82336803EB4717002A00F0A1
:109CE000108257B1786900F0D1FE7B69404608AA1E
:109CF0000121984700287FF460AF9DF81C000021E7
:109D000001F0BEFF80219DF81C0001F0B9FF54E76F
:109D10004A4B1B78D8077FF550AFFFF771FE4CE731
:109D2000464B1A78D7077FF548AF1878C0F3C000C4
:109D3000FFF764FE41E7414BDB78D9077FF53DAF84
:109D40000898FFF751FE38E73D4F9DF81C903A7890
:109D50000023984610E0336813EB481300F080802E
:109D6000DB68484698473A7808F101085FFA88F8B6
:109D7000511D8845434645DC9045A3EB0203EAD3D9
:109D80000BEB4313ECE72E4F9DF81C903A78002321
:109D900098460FE0336813EB48135BD0DB68484606
:109DA00098473A7808F101085FFA88F8511D88450C
:109DB00043460FDC9045A3EB0203EBD30BEB4313BD
:109DC000ECE72246E1E6204B1B68DA077FF5F5AEAB
:109DD00000BEF2E638220021184808F035F91B4A87
:109DE0004FF0FF33C2E90533C2E90033C2E9023361
:109DF000D3611384136100F03FFE104B9DF82020C7
:109E00009A70DAE6382200210C4808F01DF90F4A52
:109E10004FF0FF33C2E90533C2E90033C2E9023330
:109E2000D3611384136100F027FEFFF7E5FDC4E65C
:109E30001461002044720020B071002008720020DC
:109E4000B471002008730020F0ED00E00C720020D7
:109E5000C03D0300A44B1B68D907CCD500BECAE7A0
:109E6000A14B1B68DA07DED500BEDCE7326812EBD7
:109E700043137FF4CFAE9C4B1B68DB077FF5A2AE8C
:109E800000BE9FE6099B9DF821209DF81C0000F074
:109E900013FE92E67047FCF7F5FC0246002840F0FE
:109EA000E981914B1B68DA077FF527AF00BE24E7F5
:109EB0008E4800283FF421AF00F0E8FD404608AA94
:109EC0000121FCF725FF00287FF477AE15E7202A53
:109ED00000F0F180002AE4D19DF82130092BE0D870
:109EE00001A252F823F000BF0FA00200EF9F020072
:109EF000A39E020031A00200A39E0200D19F020097
:109F00007D9F0200A39E0200679F0200119F020036
:109F10009DF8223001931A4699F801309A4200F0D8
:109F2000548199F80130002B40F05481019B89F84D
:109F30000130002B00F04781581EC0B2FCF7A2FC94
:109F400018B14378022B00F0C181674B1B68DB0717
:109F500000D500BE644B1B68D80700D500BE0023A7
:109F600089F80130C9E60AAA99F8013002F80E3DD5
:109F70004046012308A900F01FFD1EE6BDF822009F
:109F8000030A5A1EC0B20E2A3FF6B7AE01A151F81D
:109F900022F000BF87A2020063A2020053A20200C7
:109FA000FB9C0200FB9C020035A2020063A202009F
:109FB000FB9C0200FB9C0200FB9C0200FB9C02003D
:109FC000FB9C0200FB9C0200FB9C0200B7A202006B
:109FD00008A800F061FD40469DF8221001F0ECFB5E
:109FE00099F8003043F0020389F80030E5E5BDF848
:109FF0002230012B7FF481AE99F8003040466FF398
:10A00000C30308A989F8003000F0BEFCD5E599F833
:10A010000030990801F00201C3F340130AAA0B4370
:10A0200022F80E3D4046022308A900F0C5FCC4E515
:10A03000BDF82230012B7FF460AE99F80030404625
:10A0400043F0080308A989F8003000F09DFCB4E54E
:10A050009DF824300F2B3FF650AE4B44244A1B7919
:10A060001778BB4238D2376817EB43173FF445AE39
:10A07000786900F00BFD7B6908AA012140469847EA
:10A0800000287FF49AAD9DF8203013F060077FF42C
:10A0900034AE9DF821300A3B012B3FF62EAE00F086
:10A0A000F5FC9DF821300A2B00F0FC8008A9404601
:10A0B00000F06AFC81E59DF824300F2B3FF61DAEC1
:10A0C0004B440B4A1B791778BB4260D2376817EBB9
:10A0D00043173FF412AE05E67A1D9A42FFF60DAE25
:10A0E000DB1B0BEB4317C3E7F0ED00E0116D020043
:10A0F000B4710020581DB84239DA002A7FF4FDAD52
:10A1000017469DF82130012B03D036D3032B7FF463
:10A11000C8AEBDF822200292AAB9B84A012B107825
:10A120003DD001F0ADFD019B009A4B44134493F8E0
:10A13000262042F0020283F8262093F8262042F0DF
:10A14000010283F82620002F3FF437AD786900F034
:10A150009DFC7B69012108AA40469847002000F039
:10A1600095FC99F82730D9073FF527AD9EE7FB1AF4
:10A170000BEB4317002AC4D0B4E5019B009A4B4473
:10A18000134420330AAA9B79C3F3400348E77A1D9E
:10A190009A42FFF6B2ADDB1B0BEB4317A2E501F0D1
:10A1A00097FD019B009A02994B44134493F8262093
:10A1B00061F3410283F8262093F8262061F3000220
:10A1C00083F82620BFE7FFF717FC404608A900F0F8
:10A1D000DBFBF2E40021404601F000FB404601F0C9
:10A1E0009FFB874F99F802300293002300943A783E
:10A1F0001C460CE00BEB4313DB68404698473A786B
:10A200000134E4B2501D8442234600F3CE809442D0
:10A21000A3EB0203EED2336813EB4413ECD1794B7A
:10A22000009C1B68DB0700D500BE9DF8083089F84C
:10A2300002307BE6FFF7DAFB024600283FF45DAD13
:10A240004046137808A900F0B7FB00287FF4B5ACAE
:10A2500053E5BDF82410FCF71BFB02460028EFD1A4
:10A260004BE5022B3FF417AEFFF7C2FB0246002876
:10A270003FF443AD4046538808A900F09DFB0028F9
:10A280007FF49BAC39E5FCF7F9FA024600283FF46D
:10A2900008AE4046122308A900F08EFB00287FF488
:10A2A0008CAC2AE50AAA08A902F80E7D40460123D3
:10A2B00000F082FB81E4544B002B3FF41EADFCF711
:10A2C00023FD024600283FF418ADD3E7C27999F880
:10A2D0000030511161F30413921162F3451389F8B0
:10A2E00000304388CDF81080CDE900A4C318039353
:10A2F00000F10907039BBB4237D97B780B2B03BFC7
:10A300003B7897F803A0FF184FF0010A7B78042BE5
:10A3100043D1039B3A4ACDF814A0DB1B00219BB22A
:10A320000291127888469A4617E0346814EB481474
:10A3300033D052463946049823699847082808F1D3
:10A34000010201D9824543D22D4B5FFA82F81A7877
:10A35000CDF80880511D88451CDC029B9045A3EB7D
:10A360000202E2D30BEB4214E3E7DDF81080DDE9F3
:10A3700000A4FFF73FFB28E7024643460446394660
:10A38000224802F0B1FA1E4B029A1B780533934221
:10A390002744AFDADDE900A4D7E51A4B1B68DF07D5
:10A3A000DDE900A47FF5D6ADD3E5382200211848B9
:10A3B000009C07F049FE174A4FF0FF33C2E905330E
:10A3C000D3611384C2E90033C2E9023313612CE77D
:10A3D000DDF814A0BAF1010F1ED00021CBB2534515
:10A3E00001F10101C8D2BA78134459FA83F31A79FA
:10A3F000FF2AD2D183F80480F0E700BF1461002067
:10A40000B4710020F0ED00E0096D02001C72002024
:10A41000087200200C72002023690A4A0A498B4204
:10A4200008BF4FF0020A9342D7D17B79012BD4D1D8
:10A43000BB79012BD1D1FB79002B08BF4FF0020A69
:10A44000CBE700BF31790200F17002002DE9F04343
:10A450004378023B85B005460E46042B0CD8DFE856
:10A4600003F0495D037E3F00844B1A78D70715D56A
:10A470001A7842F004021A70814B18688EB933467C
:10A480004FF0FF32294604F00BF9003018BF0120CD
:10A49000F0B97C4B1B68DB0700D500BE05B0BDE8FA
:10A4A000F08304AA002342F80C3D294604F008FB7F
:10A4B000019B43B1744B4FF080525A6040BFBFF3D1
:10A4C0004F8FBFF36F8F003018BF01200028E0D0FE
:10A4D000324669782878FFF785FA05B0BDE8F08341
:10A4E0006A4A13780133DBB21370654B1868002E8B
:10A4F000D7D1C4E7614B1A786FF300021A701A784B
:10A5000000216FF341021A7059701A7861F38202C8
:10A510001A705B4B1868002EC3D1B0E75C4FDFF8B0
:10A5200074913978DFF87081002423460AE0D8F866
:10A53000003013EB44130AD10134E4B24A1DA242A5
:10A54000234615DB8C42F2D35B1A09EB4313DB691C
:10A55000002BF1D06968287898473978ECE7474BA9
:10A560001A78D4079AD51A786FF382021A7083E7A3
:10A57000424C237858072FD5237841496FF3820343
:10A5800023702B788DF8043005220023CDF80A3093
:10A59000CDF80630ADF80E3008688DF80520002E95
:10A5A00059D004AA01A942F8103D04F089FA009B91
:10A5B00043B1354B4FF080525A6040BFBFF34F8FCD
:10A5C000BFF36F8F003018BF012000284DD12D4BF5
:10A5D0001B68D90700D500BEE378DA077FF55EAFC8
:10A5E000274A2B78696810688DF80430032200230D
:10A5F000CDF80A30CDF80630ADF80E3002918DF866
:10A600000520F6B104AA01A942F8103D04F058FA59
:10A61000009B43B11C4B4FF080525A6040BFBFF3C8
:10A620004F8FBFF36F8F003018BF012000283FF419
:10A6300030AF32469DF805109DF80400FFF7D2F9BF
:10A640002CE733464FF0FF3201A904F029F800301F
:10A6500018BF0120EAE733464FF0FF3201A904F0AA
:10A660001FF8003018BF0120AFE732469DF80510F3
:10A670009DF80400FFF7B6F9AEE700BF08720020AE
:10A6800044720020F0ED00E000ED00E008730020CF
:10A69000B4710020C03D0300B07100202DE9F84FD7
:10A6A0000A9F002A4CD090464A78052A0C460ED1C3
:10A6B000CE7806F00306B34209D18A7802F07F0211
:10A6C000082A0DD9204B1B68DA0700D500BE1E4BA7
:10A6D0001B68DB0702D40020BDE8F88F00BEFAE754
:10A6E000DFF868B0DFF868A09BF8009000250EE066
:10A6F0006278052AEBD1E27802F00302B242E6D199
:10A70000A27802F07F02082ADCD89BF800909AF821
:10A7100002100022204602F095F80028D2D04846C8
:10A72000214601F06FF80028D1D0A278D30916BFD6
:10A730000B9B3A701A702278013545451444D7D1E5
:10A740000120BDE8F88F00BFF0ED00E014610020AB
:10A750000872002030B51E4D85B0082400230290F9
:10A76000019303918DF805402868144682B9134679
:10A7700001A94FF0FF3203F093FF003018BF012012
:10A78000E0B9144B1B68DB0700D500BE05B030BD37
:10A7900004AA01A942F8103D04F092F9009B43B1CC
:10A7A0000D4B4FF080525A6040BFBFF34F8FBFF345
:10A7B0006F8F003018BF01200028E2D022469DF89C
:10A7C00005109DF80400FFF70DF905B030BD00BF7E
:10A7D00044720020F0ED00E000ED00E038B58B7829
:10A7E00003F07F03082B06D90B4B1B68DB0700D552
:10A7F00000BE002038BD094A094B0C46204691781E
:10A800001D78002202F01EF80028EDD021462846CF
:10A81000BDE8384000F0F6BFF0ED00E0087200201F
:10A8200014610020CB09263301F07F010348044A5C
:10A8300003EB41010844116801F0BABF087200201F
:10A8400040720020CB09263301F07F010348044AFF
:10A8500003EB41010844116801F0D6BF08720020E3
:10A860004072002038B5154C01F07F0504EB45041B
:10A8700004EBD1142034A079C00706D5104B1B6817
:10A88000DA0700D500BE002038BDA5790D4845F097
:10A8900001050078A57101F0F1F80028F4D1A37941
:10A8A000074A60F30003A371A37960F38203A371E5
:10A8B0001368DB07E7D500BE38BD00BF0872002073
:10A8C000F0ED00E014610020054B01F07F0203EB86
:10A8D000420303EBD11191F8260000F0010070470C
:10A8E0000872002010B50C4B18780C4601F0C8F91E
:10A8F0000A4904F07F0301EB430101EBD41191F805
:10A90000263043F0020381F8263091F8263043F0D8
:10A91000010381F8263010BD146100200872002068
:10A92000054B01F07F0203EB420303EBD11191F8D9
:10A930002600C0F3400070470872002010B50F4B8E
:10A9400018780C4601F036F80D4904F07F0301EB4E
:10A95000430101EBD41191F826306FF3410381F8E4
:10A96000263091F826306FF3000381F8263091F8F5
:10A9700026306FF3820381F8263010BD1461002069
:10A9800008720020704700BF0A4630B4094C49687D
:10A9900005461068234603C30023C4E9023392F935
:10A9A00000209A422846ACBF802119461A4630BC86
:10A9B000FFF758BF4C730020F0B50E462B4C49688A
:10A9C00007463068A260254603C50021E181F5886D
:10A9D000AB4228BF2B4683B0A381ADB13BB3002A65
:10A9E0003DD094F90000402B28BF402300282CDBE9
:10A9F0001F4A3846FFF736FF98B91E4B1B68DB0726
:10AA000012D500BE03B0F0BD96F90030002BACBFEC
:10AA10008021002138462B462A46FFF723FF0028D5
:10AA2000EBD0012003B0F0BD002003B0F0BD94F9DD
:10AA30000020002AACBF194680211A463846FFF78D
:10AA400011FF0028D9D00120ECE7114608480193F6
:10AA50001A4607F0D5FA064A019B8021EEE7054B1E
:10AA60001B68D907E0D500BE1046CBE74C73002029
:10AA70000C730020F0ED00E0034B0022C3E900223C
:10AA8000C3E902221A6170474C730020014B186120
:10AA9000704700BF4C7300200346064A596800689F
:10AAA00010B41346002403C3C2E902445DF8044B0A
:10AAB000704700BF4C73002070B5404C2278C90924
:10AAC000B1EBD21F82B0064615D03BB13C4B1B68A0
:10AAD000DA0700D500BE002002B070BD2146FFF7A6
:10AAE00051FF2369002B40D022463046032198476E
:10AAF000012002B070BD94F90020A068002A08DB94
:10AB00000028E8D01A462F49019307F079FAA06887
:10AB1000019BE589E2881D44ADB21844AA42A060B9
:10AB2000E58101D03F2B23D8236923B1234A022199
:10AB30003046984788B194F9002000239A42ACBF70
:10AB40008021194630461A46FFF78CFE68B91C4B27
:10AB50001B68DB07BFD500BEBEE70146304601F0EB
:10AB60008FF83046802101F08BF8012002B070BDD3
:10AB7000A28994F90010531B9BB2402B28BF40239D
:10AB800000290ADB95424FF0000112D00D4A3046F1
:10AB9000FFF768FE0028DAD0E7E795420BD00146C0
:10ABA0001A460848019307F02BFA8021054A019BB9
:10ABB000EDE70A46EBE780210022E8E74C7300202E
:10ABC000F0ED00E00C73002000B1704705F0B8BC58
:10ABD00000B1704705F0BEBC0138C3B2042B07D8E2
:10ABE00056230D4A03FB00F013181B79DB0706D42C
:10ABF0000A4B1B68DB0700D500BE00207047CB095D
:10AC0000363301F07F0103EB4101054B084410444A
:10AC1000196801F0CDBD00BF60730020F0ED00E0C9
:10AC2000107500200138C3B2042B07D856230A4AF6
:10AC300003FB00F013181B79DB0701D400207047D9
:10AC4000CB09363301F07F0103EB4101034B08448C
:10AC50001044196801F0D8BD607300201075002001
:10AC6000F0B5441EE5B2042D83B017D8562505FB78
:10AC700004F5174E01F07F0405EB4404344404EB63
:10AC8000D1143034A779FF070BD5124B186810F098
:10AC9000010001D000BE002003B0F0BD002003B0D1
:10ACA000F0BD1F4613460A460146705DA579009720
:10ACB00045F00105A57100F0BDFB0028ECD1A3799A
:10ACC00060F30003A371A37960F38203A371E3E748
:10ACD00060730020F0ED00E02DE9F047764DAF798C
:10ACE0008F4284B091461E4604465BD0E2234FF06B
:10ACF000000AA9718DF809108DF80830ADF80CA084
:10AD0000002E00F0B380012103AF0DF10808FBF71E
:10AD10002DFE41463A4602232046FBF755FE51469A
:10AD20002046FBF723FE9DF80C30EB702223D9F868
:10AD300000908DF80730002E3ED020460121FBF711
:10AD400015FE3A460DF1070101232046FBF73CFEB4
:10AD50009DF80C30EB704946082300222046FBF793
:10AD600033FE20460021FBF701FE0026102241F2AF
:10AD7000F20320460121EA71ADF80830ADF80C600D
:10AD8000FBF7F4FD3A46414602232046FBF71CFE42
:10AD900031462046FBF7EAFD9DF80C30EB7004B01D
:10ADA000BDE8F087222303AF0DF10808D9F8009021
:10ADB0008DF80730002EC0D14FF0FF31E86D04F060
:10ADC0008BF831462046FBF70BFE20460121FBF7AE
:10ADD000CDFD3A460DF1070101232046FBF7F4FDB6
:10ADE0009DF80C30EB703246082349462046FBF7AD
:10ADF000EBFD31462046FBF7B9FD20460121FBF76C
:10AE0000EFFD334632463146E86D03F049FC10222F
:10AE100041F2F2034FF0FF31E86DEA71ADF808300E
:10AE2000ADF80C6004F058F831462046FBF7D8FD29
:10AE300020460121FBF79AFD3A460223414620466F
:10AE4000FBF7C2FD31462046FBF790FD204601216D
:10AE5000FBF7C6FD334632463146E86D03F020FC71
:10AE60009DF80C30EB7004B0BDE8F0874FF0FF3177
:10AE7000E86D04F031F831462046FBF7B1FD03AF31
:10AE8000204601210DF10808FBF770FD3A46022328
:10AE900041462046FBF798FD31462046FBF766FD0C
:10AEA00020460121FBF79CFD334632463146E86DD2
:10AEB00003F0F6FB37E700BF147500202DE9F04FD3
:10AEC0004B781D070E4685B090460978044662D13E
:10AED000DA0600F14881B26812B1B288002A5AD16C
:10AEE000E24D03F02006AB7966F07F068B42F6B2A6
:10AEF00000F06481E2230027A9718DF809108DF814
:10AF00000830ADF80C70B8F1000F00F06C82012130
:10AF100020460DF10C090DF1080AFBF727FD5146FB
:10AF20004A4602232046FBF74FFD39462046FBF7F1
:10AF30001DFD9DF80C30EB70F223EE718DF8096069
:10AF400000268DF80830ADF80C60B8F1000F40F025
:10AF5000D980E86D4FF0FF3103F0BEFF4146204637
:10AF6000FBF73EFD20460121FBF700FD4A46022388
:10AF700051462046FBF728FD41462046FBF7F6FCEC
:10AF800020460121FBF72CFD434642464146E86D31
:10AF900003F086FB45E0B54D13F02007AA7946D1B2
:10AFA000914240F0BE800DF10C090DF1080AB37812
:10AFB00013F0100F0CBF10222022EA2300278DF877
:10AFC00009208DF80830ADF80C70B8F1000F00F0D2
:10AFD000FA8001212046FBF7C9FC02234A4651466C
:10AFE0002046FBF7F1FC39462046FBF7BFFC9DF8F5
:10AFF0000C30EB707378EB71F222012120468DF852
:10B0000009308DF80820ADF80C70FBF7AFFC514605
:10B010004A4602232046FBF7D7FC39462046FBF779
:10B02000A5FC9DF80C30EB7005B0BDE8F08F9142A7
:10B0300040F0A1800DF10C090DF1080AB37813F06E
:10B04000100F0CBF40228022EA2300278DF8092030
:10B050008DF80830ADF80C70B8F1000F00F0E48006
:10B0600001212046FBF782FC514602234A46204636
:10B07000FBF7AAFC39462046FBF778FC9DF80C301C
:10B08000EB7032882B899A422AD0B788F28873886D
:10B09000BF1ABFB25B099F4228BF1F4617F0FF07C8
:10B0A00040F008813A23AF708DF8097000278DF8C1
:10B0B0000830ADF80C70B8F1000F00F0D980012114
:10B0C0002046FBF753FC514602234A462046FBF735
:10B0D0007BFC39462046FBF749FC9DF80C30EB70B1
:10B0E00033782B7273786B727378EB71F2220026CF
:10B0F0008DF809308DF80820ADF80C60B8F1000F1C
:10B100003FF427AF20460121FBF730FC51464A4669
:10B1100002232046FBF758FC31462046FBF726FC6D
:10B120007FE7E223A9718DF80910ADF80C708DF856
:10B130000830B8F1000F00F0DE80012120460DF14B
:10B140000C090DF1080AFBF711FC51464A4602238F
:10B150002046FBF739FC39462046FBF707FC9DF8F3
:10B160000C30EB7023E7434606F10802FFF7B4FD0D
:10B1700005B0BDE8F08FE2230027A9718DF8091012
:10B180008DF80830ADF80C70B8F1000F00F0D980E0
:10B19000012120460DF10C090DF1080AFBF7E6FB31
:10B1A00051464A4602232046FBF70EFC394620460C
:10B1B000FBF7DCFB9DF80C30EB703FE70DF10C0961
:10B1C0000DF1080AB8E64FF0FF31E86D03F084FE98
:10B1D00041462046FBF704FC01212046FBF7C6FB55
:10B1E00002234A4651462046FBF7EEFB41462046E5
:10B1F000FBF7BCFB01212046FBF7F2FB434642462E
:10B200004146E86D03F04CFA9DF80C30EB70737812
:10B21000E86DEB71F2224FF0FF318DF80930ADF897
:10B220000C808DF8082097E64FF0FF31E86D03F0B1
:10B2300053FE41462046FBF7D3FB20460121FBF796
:10B2400095FB4A46022351462046FBF7BDFB41468B
:10B250002046FBF78BFB20460121FBF7C1FB434651
:10B2600042464146E86D03F01BFA07E714750020DB
:10B270004FF0FF31E86D03F02FFE41462046FBF70B
:10B28000AFFB20460121FBF771FB4A4602235146E2
:10B290002046FBF799FB41462046FBF767FB20461B
:10B2A0000121FBF79DFB434642464146E86D03F012
:10B2B000F7F912E712238DF80730D6F808B0B8F185
:10B2C000000F64D020460121FBF750FB4A460DF1E8
:10B2D000070101232046FBF777FB9DF80C30EB704C
:10B2E00059463B4600222046FBF76EFB00212046D4
:10B2F000FBF73CFBD6E64FF0FF31E86D03F0ECFDC9
:10B3000041462046FBF76CFB0DF10C09204601215C
:10B310000DF1080AFBF72AFB4A4602235146204654
:10B32000FBF752FB41462046FBF720FB204601215C
:10B33000FBF756FB434642464146E86D03F0B0F941
:10B340000DE74FF0FF31E86D03F0C6FD41462046A2
:10B35000FBF746FB0DF10C09204601210DF1080A0F
:10B36000FBF704FB4A46022351462046FBF72CFB21
:10B3700041462046FBF7FAFA20460121FBF730FB55
:10B38000434642464146E86D03F08AF912E74FF022
:10B39000FF31E86D03F0A0FD41462046FBF720FB9E
:10B3A00020460121FBF7E2FA4A460DF1070101238D
:10B3B0002046FBF709FB9DF80C30EB7042463B46FC
:10B3C00059462046FBF700FB41462046FBF7CEFAE4
:10B3D00020460121FBF704FB434642464146E86D07
:10B3E00003F05EF95EE64FF0FF31E86D03F074FDA7
:10B3F00041462046FBF7F4FA0DF10C0920460121E5
:10B400000DF1080AFBF7B2FA4A46022351462046DC
:10B41000FBF7DAFA41462046FBF7A8FA204601215D
:10B42000FBF7DEFA434642464146E86D03F038F941
:10B430007FE500BF2DE9F04102F07F0CBDF818E078
:10B44000D20981BBBCF1000F5ED13E4EA6F1600770
:10B450007178B47882F0010262F345110A466FF305
:10B46000041244F010017270B170B278B36003231B
:10B4700063F3030200258046A6F804E0B270F5806D
:10B480002846FFF7A1FBBC7AC4BB01252046BD724C
:10B49000FFF79EFB2246404631462C46FFF70EFD45
:10B4A0002046BDE8F08182F00108BCF1000F2ED0EB
:10B4B000254F01223C4604E00132142A04F10C0419
:10B4C00018D094F86C508D42F6D102EB420507EB90
:10B4D000850595F8615005F00F066645ECD1C5F37A
:10B4E0004015454504F16C06BFD00132142A04F121
:10B4F0000C04E6D100242046BDE8F0812846FFF781
:10B5000067FB2046BDE8F08182F00108D0E70E4FCE
:10B5100001243D4602E00134142CEBD095F86C6018
:10B520008E4205F10C05F6D104EB4406B60007EB9C
:10B53000060C9CF861C01CF00F0FECD160363E4445
:10B5400086E700BF747500201475002042DF704745
:10B5500043DF704744DF704712DF7047F0B5334C6C
:10B56000BFF35B8F014604F590730125D3E84F2F9D
:10B57000C3E8405F0028F9D1BFF35B8F12F0FF0FE3
:10B5800048D1082929D04E01A21954F806C02848EC
:10B590009388284F01F5947601EB810E50F82660D0
:10B5A000D2889A1A93B2B6B200EB8E0209B2B342B5
:10B5B00028BF3346C2F800C707EB8100C2F8043742
:10B5C00047F82150BFF36F8FBFF34F8F1A4B98424C
:10B5D00018D0043B984215D0F0BD154BD3F8C024C9
:10B5E000D1030FD494F80B1161B11449D4F80001C0
:10B5F000C3F8A007C3F8A4270D60BFF36F8FBFF394
:10B600004F8FF0BD0023BFF35B8F84F82031BFF371
:10B610005B8FF0BD0A4B0B485A68C2F30802003238
:10B6200018BF0122BDE8F040FFF794B8647600200F
:10B630000070024028700240507002404870024082
:10B6400000ED00E0BDB60200174BBFF35B8F014673
:10B650000122D3E84F0FC3E84C2FBCF1000FF8D103
:10B66000BFF35B8F10F0FF0F14D10A60BFF36F8F31
:10B67000BFF34F8F0D4B994203D0043B994200D04A
:10B6800070470B4BBFF35B8F002283F82021BFF381
:10B690005B8F7047074B08485A68C2F308020032B4
:10B6A00018BF0122FFF756B884770020507002407F
:10B6B0006476002000ED00E049B60200F0B5334C9E
:10B6C000BFF35B8FC1B204F590730126D3E84F2F0F
:10B6D000C3E8406F0028F9D1BFF35B8F12F0FF0F72
:10B6E00047D1082928D04D01621954F805E02848AF
:10B6F0009388DFF8B0C001F5947550F82570D288B2
:10B700008D009A1A93B2BFB26A1800EB8202BB4254
:10B7100028BF3B46C2F800E76544C2F804374CF83E
:10B720002160BFF36F8FBFF34F8F1A4B9D4218D02C
:10B73000043B9D4215D0F0BD154BD3F8C024D10376
:10B740000FD494F80B1161B11349D4F80001C3F878
:10B75000A007C3F8A4270E60BFF36F8FBFF34F8F0E
:10B76000F0BD0023BFF35B8F84F82031BFF35B8F04
:10B77000F0BD0A4B0A485A68C2F30802003218BFEB
:10B780000122BDE8F040FEF7E5BF00BF647600206F
:10B7900000700240507002404870024000ED00E02E
:10B7A000BDB602002870024001207047014B802284
:10B7B0005A60704700E100E0074BD3F80014D3F85B
:10B7C000002400200A434FF48001C3F80024C3F88A
:10B7D0005801C3F80413704700700240074B4FF440
:10B7E000001229B9C3F80823054B83F821117047CB
:10B7F000C3F80423024B83F8211170470070024004
:10B800006476002070B48A788C88414EC97802F042
:10B810007F03D50905EB430006EB001001F003019F
:10B82000C4F30A04012904812BD0012101FA03F495
:10B83000BDB1384802339940C0F80413D0F8103530
:10B840002343C0F81035334B42F48071C3F81825F8
:10B85000C3F80C15BFF36F8FBFF34F8F012070BC7F
:10B8600070472C4803F10C06B140C0F80413D0F81F
:10B87000141503F594730C43C0F8144540F8235095
:10B88000E1E7082B08D0244B186810F00100E6D03F
:10B8900000BE002070BC7047EDB9B6F818311BB17E
:10B8A0001C4B8022C3F81C251A4A0023C2F85031D1
:10B8B000D2F8003313F4001308BFC2F85431154B0B
:10B8C0004FF44012C3F80423D3F8142542F48072D5
:10B8D000C3F81425BEE7B6F808210E4B0021C3F8C3
:10B8E0002C1112B18022C3F81C250A4AD2F8003369
:10B8F00013F4001308BFC2F85431064B074AC3F8CB
:10B900000423D3F8102542F48072C3F81025A1E770
:10B910006476002000700240F0ED00E00008200096
:10B920001F4B80222DE9F041C3F88420BFF34F8FD5
:10B93000BFF36F8F01241B4D1B4FA0460026A300B1
:10B9400004F10C02A11C03F1804303F51C3308FA37
:10B9500001F108FA02F20A43C7F8082328465E609C
:10B96000013420229E62002106F06EFB082C05F1B6
:10B970002005E4D10D4BC7F808332022C7F81C6519
:10B9800000217E620A48BE6406F05EFBC7F814859B
:10B99000C7F81085024B80225A60BDE8F08100BFD5
:10B9A00000E100E0847600200070024000083000D2
:10B9B0006477002001F07F02082A70B44FEAD111A9
:10B9C00028D0012303FA02F0C043B1B1294C951CE1
:10B9D000AB40C4F80833D4F81055274B2840C4F8BE
:10B9E000100501EB420103EB01110023CB72BFF301
:10B9F0006F8FBFF34F8F70BC70471E4C02F10C0568
:10BA0000AB40C4F80833D4F814551B4B2840C4F895
:10BA10001405E6E7184B03EB01100024A0F80841D9
:10BA20001448D1B14FF40064C0F80843D0F8104571
:10BA300024F48074C0F81045B3F81841B3F80851E5
:10BA40000C48EC424FF0000608BF4FF40014C0F859
:10BA50001C6508BFC0F80843C3E74FF48014C0F862
:10BA60000843D0F8144524F48074C0F81445C0F895
:10BA70005011E1E7007002406476002001F07F0081
:10BA80004FEAD11CF0B50CEB4005744E2D0177192F
:10BA900085B0FC7A4CB1724B1C6814F0010401D0E3
:10BAA00000BE0024204605B0F0BD04F0FF0E725128
:10BAB000BB80A7F806E0002843D1002B57D0BCF18B
:10BAC000000F00F08E8006EB401100EB8003CD8A62
:10BAD0008A8A0C8B0969521B9B0092B203F1804346
:10BAE00003F51C33A24228BF22465E4DC3F8001660
:10BAF00000B2C3F804265C4BBFF35B8F05EB8001FB
:10BB00000122D3E84F4FC3E8472F002FF9D1BFF3ED
:10BB10005B8FE4B2002C40F0908045F82020BFF30A
:10BB20006F8FBFF34F8F514B994202D0043B994224
:10BB300019D1BFF35B8F002386F82031BFF35B8FF1
:10BB400011E0BCF1000FBED106EB40160123F372E9
:10BB5000BFF36F8FBFF34F8FB37A23B1F37A03F044
:10BB6000FF04002B74D10124204605B0F0BD404AEB
:10BB7000D2F88024C2F3C0126245A0D03D4D6A685D
:10BB80008DF80810C2F3080100314FF4E06218BFCD
:10BB9000012101A803938DF80930ADF80420FEF7C8
:10BBA00055FCBFF35B8F06F590720123D2E84F1F5F
:10BBB000C2E8403F0028F9D1BFF35B8FCCB2002C24
:10BBC00038D12A4A1360BFF36F8FBFF34F8F1C46E3
:10BBD000BFF35B8F204686F82011BFF35B8F05B063
:10BBE000F0BD0123204AF372BFF35B8FD2E84F4FC1
:10BBF000C2E8413F0029F9D1BFF35B8FE4B26CB9D1
:10BC00001D4A1360BFF36F8FBFF34F8FBFF35B8F7E
:10BC100086F820C11C46BFF35B8F43E7154B1649DE
:10BC20005A681648C2F30802003218BF0122FEF714
:10BC300091FD37E76A680D49F3E70E4B0F485A68E4
:10BC4000C2F30802003218BF0122FEF783FD29E784
:10BC500086F80AC0FFF782FC24E700BF6476002064
:10BC6000F0ED00E004700240847700205070024044
:10BC70000070024000ED00E04C70024049B6020046
:10BC800011F07F0008B512D008280BD00E4B41F4FC
:10BC90008072C909C3F8182504D10C4B03EB40137B
:10BCA0009A7A62B9BFF36F8FBFF34F8F08BD064B0F
:10BCB00001225A65BFF36F8FBFF34F8F08BD997292
:10BCC000FFF74CFCEEE700BF0070024064760020F6
:10BCD00011F0770F12D00A4B41F48072C3F80C15A3
:10BCE000C3F80C25CA09C3F8181504BF01F59471EF
:10BCF00043F82120BFF36F8FBFF34F8F704700BF12
:10BD0000007002402DE9F04FA54BA64CD3F800037C
:10BD100000238BB01E461F46012520FA03F11A1995
:10BD2000C9074FEA820209D5116839B105FA03F152
:10BD300017600E43BFF36F8FBFF34F8F0133192B83
:10BD4000EBD1F20700F13582974D330508D5944BBE
:10BD5000D3F8A83601229BB2A5F8163185F81C212C
:10BD6000B70206F4800424D58D4BD3F81425D005F2
:10BD700040F1FC81002C00F0A182D3F80024D2070E
:10BD800040F19C82D3F81035DA0540F1FB8195F83B
:10BD90001C3107AF002B40F0BD82814BD3F820351A
:10BDA000089338464FF440730121ADF81C30FEF77C
:10BDB0004DFB04B37A4AD2F8004440F201732340A9
:10BDC000C2F80034E30500F15682670510D5744BC4
:10BDD0000122C3F808259A65D3F8002312F4001253
:10BDE00008BFC3F854216E4B4FF40012C3F804236C
:10BDF000A00500F1358231023DD5694BD3F880C4EE
:10BE0000D3F88414D3F888E4D3F88C74D3F89084EE
:10BE1000D3F89444D3F89804D3F89C245FFA8CF3B5
:10BE20005FFA80FCD0B25A06C9B25FFA8EFEFFB24A
:10BE30005FFA88F85FFA84F901D105291BD0002444
:10BE4000224668F3070263F3070461F30F2469F3E2
:10BE50000F226EF317446CF3174260F31F6267F30F
:10BE60001F644FF4C063012107A8CDE90842ADF873
:10BE70001C30FEF7EBFA4D4B3340002B40F0918124
:10BE8000DFF82491464F4D46CA4609F590780024C4
:10BE90001DE02B44DA7A002A00F0D781DA88AAF86C
:10BEA00004200022DA72D98809914FF4E06301215D
:10BEB00007A88DF820B08DF82120ADF81C30FEF7D2
:10BEC000C5FABBF1080F47D001340AF1200A04F18A
:10BED0000C0326FA03F3DB075FFA84FBF1D504EBCE
:10BEE000840307EB8303DAF80020D3F80807630123
:10BEF00012FA80F2E918CAF80020CA8880B2024417
:10BF000092B2082CCA80C4D0BAF808208242C0D1AC
:10BF1000CA88BAF804109142BBD9BBF1000FD0D146
:10BF20000122BFF35B8FD8E84F3FC8E8412F0029BB
:10BF3000F9D1BFF35B8F13F0FF0F40F052821C4921
:10BF40000A60BFF36F8FBFF34F8FBFF35B8F85F82E
:10BF50002031BFF35B8FB7E7164B3340002B00F067
:10BF600002810F4BD3F86C240192C3F86C24BFF309
:10BF70006F8FBFF34F8F16F4806600F06E81D3F899
:10BF80008024D3F8803483F08003C3F3C013059377
:10BF9000C2F3C0130493DFF808A00024A84613E0FE
:10BFA00000700240409C001064760020FCFB1F00E3
:10BFB0004C70024000040001002C00F0F281072EBA
:10BFC00052D0013409F120090199E14004EB8403C6
:10BFD000C9070AEB830308EB4412E6B2ECD5D3F8A9
:10BFE0000816D9F81070C9B20F44C9F81070D08A79
:10BFF000014489B2D182A849D08AB9F81450611895
:10C000008900854202914FF0010C66F07F01039197
:10C010004FF4E06B4FF0000E614607A840F2B48089
:10C02000D18AB9F81820C3F800766D1AADB29542DE
:10C0300028BF1546994AC3F80456BFF35B8FD2E870
:10C040004F3FC2E841CF0029F9D1BFF35B8F13F016
:10C05000FF0F40F0ED80029BC3F800C0BFF36F8F6D
:10C06000BFF34F8F072EACD1019BDB03454601D4B4
:10C07000059B43B1EB7A23B1EB88AA889A4200F280
:10C0800071810123AB72019B9F030BD595F82B3077
:10C0900023B1EB8CAA8C9A4200F28881012385F8A7
:10C0A0002A30019B5E030DD595F84B3033B1B5F8BE
:10C0B0004630B5F844209A4200F27D81012385F88C
:10C0C0004A30019B1C030DD595F86B3033B1B5F8A0
:10C0D0006630B5F864209A4200F27E81012385F82B
:10C0E0006A30019BD8020DD595F88B3033B1B5F885
:10C0F0008630B5F884209A4200F23881012385F811
:10C100008A30019B99020DD595F8AB3033B1B5F863
:10C11000A630B5F8A4209A4200F22D81012385F8BB
:10C12000AA30019B5A020DD595F8CB3033B1B5F842
:10C13000C630B5F8C4209A4200F22281012385F866
:10C14000CA30019B1B020ED595F8EB30002B00F096
:10C15000F380B5F8E630B5F8E4209A4240F2EC807E
:10C160000720FFF7FBF90BB0BDE8F08FD3F81025DF
:10C17000D1053FF50CAE95F821211AB94FF4001204
:10C18000C3F8082307AF08E6D38A09939DF80C305B
:10C19000ADF81CB08DF820308DF821E0FEF756F98F
:10C1A0000DE70023BFF35B8F85F82031BFF35B8F72
:10C1B00066E63B4B3B4A3C4D3C4800240127C2F815
:10C1C0001475C2F81075546094625C609C629C6047
:10C1D000DC62DC601C631C615C635C619C639C6171
:10C1E000DC63DC611C6454629464C2F85841D2F888
:10C1F0000034D2F800140B43C2F80034D2F80033F4
:10C20000C2F808332146C2F8040328464FF492725C
:10C2100005F01AFF40234FF48072394607A82B839C
:10C220002B818DF82040ADF81C20FEF70FF98CE52E
:10C230001F4B20485A680299C2F30802B2EB0E0263
:10C2400018BF0122FEF786FAB9E61B4B1B68D80718
:10C2500089D500BE0BB0BDE8F08FCDE904669AE643
:10C2600000220523012107A88DF81C208DF81D3020
:10C27000FEF7ECF8BFE50121C2F82C1504230022DB
:10C2800007A88DF81C208DF81D30FEF7DFF8670534
:10C290007FF5AEAD9BE500BF019C001084770020C8
:10C2A0000470024000700240647600200514C00152
:10C2B00000ED00E049B60200F0ED00E04F4BBFF3A7
:10C2C0005B8F0122D3E84F1FC3E8402F0028F9D12C
:10C2D000BFF35B8F11F0FF0F32D1494BD3F8C0048D
:10C2E000C70352D495F80B1101F0FF07002967D05E
:10C2F0004449D5F80071C3F8A077C3F8A4070A60D1
:10C30000BFF36F8FBFF34F8FD3F81035D8053FF5CC
:10C310003EAD37E7B5F816310993002285F81C21A8
:10C3200088234FF4E06238460121ADF81C20ADF8B7
:10C330002030FEF78BF830E5012385F8EA3012E76C
:10C34000314B32485A68C2F30802003218BF01224A
:10C350000821FEF7FFF92A4BD3F81035DB053FF52E
:10C3600016AD0FE70020FFF7F9F88CE60420FFF781
:10C37000F5F8019BC6E60520FFF7F0F8019BD1E632
:10C380000620FFF7EBF8019BDCE6BFF35B8F85F837
:10C390002011BFF35B8FD3F81035DF053FF5F7AC05
:10C3A000F0E6049900293FF40CAE18E60120FFF7EF
:10C3B000D5F8019B76E60220FFF7D0F8019B81E6D5
:10C3C000BFF35B8F85F82071BFF35B8FD3F8103517
:10C3D000D9053FF5DCACD5E60320FFF7BFF8019B9C
:10C3E00080E6094B0A485A680A49C2F3080200323B
:10C3F00018BF0122FEF7AEF966E500BF8477002082
:10C40000007002404870024000ED00E0BDB602003E
:10C4100049B602004C70024030B5012885B000F0EA
:10C420009F8057D3022840D1BA4BD3F80435002B54
:10C4300040F0D780B74AD2F800341C05FBD54FF442
:10C440000063C2F80034BFF36F8FBFF34F8FB24A5F
:10C45000B24B12681B68082A00F0D780AD4BB04D74
:10C4600080240122C3F81C45C3F80423C5F8844185
:10C47000FDF7D8FA002840F0F880AA4D43F20404F2
:10C480004FF080432268AA4211D0D3F80C14D3F89D
:10C490000C24D003F6D5CA07F4D59E4B0122C3F86D
:10C4A0000425BFF36F8FBFF34F8F05B030BD04AAD3
:10C4B000002102F80C1D1046FFF74EF89DF804000D
:10C4C0000028E2D010460191FFF744F8019A002AB3
:10C4D000D8D0E2E78F4BD3F80025002AE5D14FF4FE
:10C4E00080014FF40062C3F80813C3F80024BFF3BF
:10C4F0006F8FBFF34F8F884B1B68082B00F0B780FE
:10C50000844B0122C3F80025BFF36F8FBFF34F8F19
:10C5100043F2040203F18D5303F57723126803F20B
:10C52000DB539A4200F0CA804FF08043D3F80C24CA
:10C53000D3F80C34D90301D5D207B6D443F20402A0
:10C54000784B12689A4200F01881774B00221A60EB
:10C550001B6801934FF08043012201991A60A4E700
:10C560006C4BD3F80025002A9FD00022C3F8042585
:10C57000BFF36F8FBFF34F8F69498020C1F88400EC
:10C58000BFF34F8FBFF36F8FD3F80013C3F80813B7
:10C59000C3F80025BFF36F8FBFF34F8F43F2040141
:10C5A00003F18D5303F57723096803F2DB539942B6
:10C5B00000F0998001AB5D4A012111605C4A51682D
:10C5C000C1F30801003118464FF000024FF002039A
:10C5D00018BF01218DF804208DF80530FDF736FFD6
:10C5E00063E743F204024F4B12689A4200F0B080B6
:10C5F0004FF08043D3F80C24D3F80C34DB037FF5E1
:10C6000019AFD5077FF516AF4FE7032B0AD8494A74
:10C610001168002940F09880474C49F2753010604D
:10C62000216010605A1E022A10D8424A116800295F
:10C6300067D1424D3848394B00681B6849F2753460
:10C6400014602960146008287FF408AF032B3FF6BC
:10C6500005AF3B493B4B40F2E370402208601A6053
:10C66000BFF36F8FBFF34F8FF8E66C6005E72B4B7E
:10C670001B685A1E022A12D82E4B1A68002A40F054
:10C680008E802E4949F2753203201A6008601A60C4
:10C69000214A224B12681B68082A7FF431AF032B12
:10C6A0003FF62EAF234B1A68002A74D1224949F273
:10C6B0007532C0201A6008601A6021E704AB0022BE
:10C6C00003F80C2D1846FEF747FF9DF804100029CB
:10C6D0003FF42AAF18460192FEF73CFF019B002B66
:10C6E0007FF4E3AE2AE704AB03F80C2D1846FEF7FF
:10C6F00033FF9DF80420002A3FF45DAFFEF728FFCA
:10C700005CE70549054B0D4A08681B68002111606C
:10C7100099E700BF007002403001001034010010A2
:10C7200000E100E0DBE5B151000100400400004001
:10C7300000ED00E000EC064014EC064014ED06406D
:10C740000078024004780240174A0021116069E72E
:10C7500004AB002203F80C2D1846FEF7FDFE9DF8F1
:10C76000041000293FF444AF18460192FEF7F2FE90
:10C77000019B002B7FF499AE5CE604A8002300F82F
:10C780000C3DFEF7E9FE9DF80430002B3FF4DDAED2
:10C79000FEF7DCFE89E6044BC0221A60B0E6034BCC
:10C7A00003221A6074E700BF14EC064014ED064043
:10C7B000F8B5037813F0010405D10678C6F38006B6
:10C7C00026B12046F8BD00242046F8BD0F46054698
:10C7D0004FF0FF31384602F07FFB2A7812F0010457
:10C7E0000FD12B785B0704D42B7843F004032B7014
:10C7F0000124002338461A46194601F051FF20460D
:10C80000F8BD3446F5E700BF70B505460E4608464C
:10C810004FF0FF3102F060FB2878C0F3800444B988
:10C820000024002330461A46194601F039FF2046FD
:10C8300070BD2B7813F00102F2D12B7862F38203E2
:10C840002B70EEE710B4C378848803F00303022B47
:10C85000C4F30A0426D019D8012B04D000231846AB
:10C860005DF8044B7047022940F2FF3208BF4FF4D5
:10C870008062A242F3D21A4B1B6813F00103EED080
:10C8800000BE002318465DF8044B7047022914BF10
:10C8900040234FF48063A342EDD3012318465DF893
:10C8A000044B704702290BD012B1B4F5007F11D0B0
:10C8B000A4F108039BB2182B06D9402CEDD0DAE77F
:10C8C000B4F5007FD7D1E8E7064A22FA03F3DB0785
:10C8D000D1D5E2E700244021134644710171BEE73F
:10C8E000F0ED00E0010100010A44914216D230B49B
:10C8F0004C78052C05D00C7821448A42F8D830BCFD
:10C9000070478C7804F07F0500EB4505E4092B5552
:10C910000C7821448A42EBD830BC7047704700BF86
:10C920002DE9F04182B00678089DBDF8247000938F
:10C9300061F300060446294600F8086B01231646F9
:10C940003A46BDF82C80FCF76DFE05B13FB90A9B55
:10C9500063600120A4F8028002B0BDE8F08104F118
:10C960001C01012002F076F826B903463046C4E9DE
:10C970000503ECE70023FAE710B50446406908B167
:10C9800002F060FCA06908B102F05CFC012010BD5F
:10C99000F0B50B460D4613F8081B83B011F0020FDB
:10C9A0000746184640F2FF130CBF3F241C461646AC
:10C9B000FCF774FEE8B9E6B126421AD12B78697803
:10C9C000DA07384618D5FEF707F990B12B78697861
:10C9D00013F0010313D000233846CDE900331A4683
:10C9E000FEF73EF930B9084B1B68DB0701D500BEE6
:10C9F00000E0002003B0F0BDFDF714FFE5E7384686
:10CA00001A46FDF72FFFEDE7F0ED00E070B501F1FC
:10CA1000080582B0064628460C46FCF73FFE38B1B2
:10CA200023786178DB07304605D5FEF7D5F830B9B5
:10CA3000002002B070BDFDF7F5FE0028F8D02846B2
:10CA400062886168FCF754FE054690B123786268FD
:10CA50006178D80717D50023CDE9003330462B463F
:10CA6000FEF7FEF8B0B90C4B1B68DB07E0D500BE43
:10CA7000DFE72078617810F00104304608D1FDF737
:10CA8000E1FE2046D5E730462B46FDF7EBFEE9E711
:10CA9000FEF7C8F82846CCE7F0ED00E02DE9F041BC
:10CAA0008A890B7882B00C460646E2B9DD074978E0
:10CAB00057D5FEF791F800284FD022786388617827
:10CAC000D20751D5002B5DD0626800253046CDE9F4
:10CAD0000055FEF7C5F800284DD1374B1B68DB0722
:10CAE0003BD500BE3AE003F0020301F10808002B39
:10CAF00040460CBF40274FF40077304D08BF6FF021
:10CB00003F05FCF7E3FD874227D823786178DB07F0
:10CB1000304634D5FEF760F8F8B14046FCF7D6FD54
:10CB2000874233D805EA000265882378617890B29D
:10CB3000854228BF0546DA0732D5002D37D0626816
:10CB40000023CDE9003330462B46FEF789F8002854
:10CB5000C3D0284602E0FEF765F8002002B0BDE829
:10CB6000F081FDF75FFEA6E773B162683046FDF71E
:10CB700079FE0028B1D0608802B0BDE8F081FDF7F1
:10CB800051FEC9E71A46A0E71A46EFE72078617818
:10CB900010F001043046DED1FDF754FE2046DDE7FB
:10CBA0003DB1626830462B46FDF75CFECFE72A4672
:10CBB000C6E72A46F6E700BFF0ED00E000FEFFFF03
:10CBC000F8B56C4A6C4E11786C4D0023336029B176
:10CBD0006B492888B1F80940844270D0694B1A78B3
:10CBE00092B1694A2988B2F8050088420CD192E8CE
:10CBF0000300664C00222061217565481A7004F11B
:10CC0000100101F039FA00E0604C638940F2E24023
:10CC100000FB03F000B9002001F012FB2B885C48F8
:10CC200001339BB22B8001F08BFA5A4B5A4A1D7884
:10CC3000C1B2117025B3594D59482D780068306044
:10CC4000002D63D100284FD000221A706368554D23
:10CC5000226823F07F4301242C7000F0D9FF524B4F
:10CC6000524A1C701378002B42D14FF0A043402150
:10CC7000C3F80C151378B3FA83F35B091370F8BD8E
:10CC80004B48007800283ED1306800282CD0434D16
:10CC90002D78002DD8D0474903780978002947D04E
:10CCA00043F00803444903700B783168002B38D0F7
:10CCB0000B7843F004030B7030681178C6E71370EB
:10CCC000304ECA780F79B1F80100304C31782081AC
:10CCD00042EA0722628180B2002932D140F2E24367
:10CCE00000FB033001F0ACFA304A1378002BBCD0C3
:10CCF0004FF0A0434021C3F808151378B3FA83F32B
:10CD00005B091370F8BD2D483060C0E72C490D78E1
:10CD1000052D10D80B780133DBB20B700028BAD187
:10CD2000E2E70B7823F004030B70306811788DE78D
:10CD300003F0F703B6E700250D701D700028AAD197
:10CD4000D2E7114A2988B2F80500884209D192E851
:10CD50000300206121750E48337004F1100101F0C9
:10CD60008BF9238940F2E24003FB000001F068FAEE
:10CD7000BAE700BFB37A0020B87A00208C7A00208E
:10CD8000A87A00208B7A0020847A0020907A0020F4
:10CD9000D4770020BC7A0020C87A002021610020CE
:10CDA000DC7A0020D87A0020C17A002015610020AA
:10CDB00022610020D17A0020D07A00201C6100205E
:10CDC000BD7A0020114B1B78C3B9114A1378B3B157
:10CDD0004FF0A0434021C3F808150E491378087896
:10CDE000B3FA83F30130C0B25B09137027280A4BF2
:10CDF00088BF25200870196800F062BE70474FF0A8
:10CE0000A0434021C3F80C15E7E700BFD87A002003
:10CE100015610020C87A0020C47A0020F8B5A74B1D
:10CE2000D3F8002122B100210122C3F800119A6039
:10CE3000A24BD3F80C21002A00F003810024A04D5E
:10CE4000C3F80C412A784AB19E4B2C701A78002AFC
:10CE500040F0F880BDE8F84000F048BF01229A6039
:10CE6000D3F80034002B00F0EC80974E3378002B81
:10CE700000F010813378954C03F0FF00002B00F098
:10CE80009480934923680F78924A13F807C0177863
:10CE9000BC4540F0A880012840F287800F7892F8C6
:10CEA00001C01F447F78674540F09D8002287CD0F8
:10CEB0000F7892F802C01F44BF78BC4540F09380C1
:10CEC000032872D00F7892F803C01F44FF78BC4546
:10CED00040F08980042868D00F7892F804C01F447D
:10CEE0003F79BC457FD105285FD00F7892F805C007
:10CEF0001F447F79BC4576D1062856D00F7892F82A
:10CF000006C01F44BF79BC456DD107284DD00F78AE
:10CF100092F807C01F44FF79BC4564D1082844D06B
:10CF20000F7892F808C01F443F7ABC455BD10928AE
:10CF30003BD00F7892F809C01F447F7ABC4552D18C
:10CF40000A2832D00F7892F80AC01F44BF7ABC4535
:10CF500049D10B2829D00F7892F80BC01F44FF7AD3
:10CF6000BC4540D10C2820D00F7892F80CC01F444B
:10CF70003F7BBC4537D10D2817D00F7892F80DC0F4
:10CF80001F447F7BBC452ED10E280ED00F7892F81F
:10CF90000EC01F44BF7BBC4525D10F2805D00978A2
:10CFA000D07B5A18D27B90421DD101211620002738
:10CFB000377004F0FDF9484B4FF4B45043F00103CF
:10CFC0009847464B464A474947481B6812680978C4
:10CFD000006801262E7000F01BFE444A1378DBB275
:10CFE000B3425AD023685A78911CFF2929D8334874
:10CFF0003F4ED0F80C04585423680B44050A5D706A
:10D0000023683C4D19440932D2B2000C887032704A
:10D010002B7883B1384B1B786BB12368374A1B7868
:10D020001178C3F3800399420BD03548354913700A
:10D03000002202700B702B78002B34D1324B01226E
:10D040001A70F8BD314D2B4A2E8931481C7040F2C0
:10D05000E24106FB0111012301F59671137001F005
:10D06000C9F86B681D481E492A4A2E680E60C3F332
:10D070001703036005F110012748148000F05EFEDD
:10D08000697D254801F01F0101F052F8224801F0A6
:10D0900053F8DFE60D4C2368A5E70A4917700B70BB
:10D0A00001F0D4F89EE701F02DFA1C4B0246002156
:10D0B0000D201A6004F07CF9C0E700BF00100040AA
:10D0C000D87A0020F27A0020F07A0020D47A00206A
:10D0D000F17A0020E07A0020903E0300CC7A002014
:10D0E000C47A0020C87A0020DC7A0020C97A0020A7
:10D0F000C07A0020D27A002021610020D07A00205E
:10D10000BC7A0020D17A0020BF7A0020907A0020DB
:10D11000C1CB02008C7A0020D4770020B47A0020A2
:10D12000F8B55A4E5A4D32682B78147804F00F0433
:10D13000002B5ED1032C3FD0052C11D0554B564A05
:10D140005649574C30681B680978126801252570CC
:10D1500000F05EFD00210D20BDE8F84004F028B984
:10D1600001F074F83568DFF864C14E4C2F4666460E
:10D1700057F80E0FBA68FB6879680FC638693060D7
:10D18000BB8AB38005F10802231D9A4203D205F140
:10D190000C039C426CD32A7BAB6822716A7B627160
:10D1A0002360BCF80A304048404A0224062104703B
:10D1B0001170002B41D1F8BD33683A4C03F10C02D9
:10D1C000944204D203F10802211D8A4243D3197B01
:10D1D0009A6821715B7B63712260334C334B02256B
:10D1E000062225701A7000211620BDE8F84004F0D0
:10D1F000DFB82F4B00272F701F7001F027F826484B
:10D200002C49244B01602C48244A186025231846D9
:10D2100013702F7000F054FC2849294800F0EAFFF1
:10D2200001210D2004F0C4F801210C2004F0C0F805
:10D230000121162004F0BCF87CE7224B01221A7071
:10D2400001F060F9204B02461A6000211620BDE86B
:10D25000F84004F0ADB81A7A22705A7A62709A7A5D
:10D26000A270DA7AE2701A7B22715B7B6371B4E799
:10D270002B7A23706B7A6370AB7AA370EB7AE370CE
:10D280002B7B23716B7B63718BE700BFDC7A002003
:10D29000D27A0020CC7A0020C47A0020C87A0020FC
:10D2A000D87A0020E07A0020F17A0020F07A00207D
:10D2B000BC7A0020D6BE898E5555550090D003000B
:10D2C000C5CD0200C97A0020B47A0020907A0020EF
:10D2D00038B501210C2003F0E7FF01210D2003F0F8
:10D2E000E3FF0121162003F0DFFF01210C2004F0F1
:10D2F0005FF801210D2004F05BF80121162004F0F5
:10D3000057F8254C4FF0A04303224FF4002140254D
:10D31000C3F84C272046C3F80815C3F818274FF464
:10D32000E131C3F80855F9F739F90A21204601F02F
:10D3300083F840F20B1001F0F1F8184B184C194D1E
:10D3400000F1090240F20B101A6001F0E7F8164BE9
:10D350000930186000F07AFF14481549154B016038
:10D360000020154A1870252318461370256000F018
:10D37000A7FB1249124800F03DFF01210D2004F0E7
:10D3800017F801210C2004F013F801211620BDE844
:10D39000384004F00DB800BF2C630020D47A002080
:10D3A000CC7A002055555500DC7A0020C47A002044
:10D3B000D6BE898ED27A0020C87A002090D0030091
:10D3C000C5CD020008B5044800F0E0FE034B002282
:10D3D00083F8482008BD00BFD4770020887700205C
:10D3E0002DE9F04FBB4BD3F8002185B012B10022DC
:10D3F000C3F80021B84B1B7823B1B84B1A78002A28
:10D4000040F0EF81B64B1A78002A40F05E82B54EAC
:10D410003378002B40F0CE82B34C94F84830002B88
:10D420004FD0B24D2B78002B4BD1B14F3B7803F04E
:10D43000FF09002B45D1DFF8E4A2DFF8D482DAF847
:10D4400000002288A1690432043804F0D9FDA069E3
:10D4500001F07EF894F8483003F1FF3CBCF1000F76
:10D4600011DD00231946CA1D881D54F8222044F8F6
:10D47000202001334A1CDBB234F8122024F811209A
:10D4800063451946EFDBDAF8003053F8042C4245C7
:10D4900000F084811A7802F00302032A00F08581EB
:10D4A000337823B1934B01222A7083F800905FFAFE
:10D4B0008CF384F8483023B12B7813B93B78002BD8
:10D4C000BDD0DFF85C828C4DDFF85892DFF840A2C7
:10D4D0002846F8F70DFFB0B12846F8F72FFFC0B285
:10D4E000A7287AD01CDDAA2871D0CC2869D0A92819
:10D4F000EED101228149284600F0A0FF2846F8F726
:10D50000F7FE0028E8D198F8003023B1784C237852
:10D51000002B00F0658240BF20BF05B0BDE8F08F52
:10D52000662812D0A628D3D101220DF10D0128467C
:10D5300000F084FF9DF80D30C72BC9D14FF0A043F8
:10D540004FF40022C3F80C25C2E701220DF10D01B2
:10D55000284600F073FF9DF80D7098F80030002FFA
:10D5600040F0E280002BB3D0614A5A4B88F800703B
:10D5700017705E4AC3F80071C3F80C719F60177092
:10D5800000F064FE5E495F4BC1F800A05E495F4A4F
:10D590001960252318465E491370377000F090FA21
:10D5A0005C495D4800F026FE01210D2003F000FFDC
:10D5B00001210C2003F0FCFE0121162003F0F8FEEF
:10D5C00086E701224449284600F038FF80E701221F
:10D5D0004946284600F032FF7AE798F8003003F019
:10D5E000FF07002B7FF474AF02220DF10E012846D5
:10D5F00000F024FFBDF80E20B2F5877FBFF468AFBE
:10D60000501D019200F08AFF019A014683460132C3
:10D61000284600F013FFBDF80E10002900F04082EC
:10D62000A1F10E039BB247F6F17293423B4647D8F5
:10D630004FEA910E584650F8042B013702F07F3C18
:10D640005A4003F07F3302F080326344BE4583EAE0
:10D650000203F0D8C3F30722C3F307401A4402447D
:10D6600002EB136321F003028A42DBB210B214D042
:10D6700092B21BF80070501C80B23B448142DBB276
:10D680000BDD1BF80000023292B203449142DBB280
:10D6900003D91BF802201344DBB21BF801209A4285
:10D6A00040F0978094F848300C2B00F2C4819A1D0A
:10D6B00024F81310013344F822B084F8483007E707
:10D6C0001BF8072001373FB21344B942DBB2F7DC45
:10D6D000E3E700BF00100040D37A0020C17A0020A9
:10D6E000BF7A0020D27A002088770020BC7A002000
:10D6F000D87A0020BD7A00202C630020226100200F
:10D70000C47A0020CC7A002055555500C87A0020F4
:10D71000D6BE898E90D00300C5CD0200DC7A0020F1
:10D72000BE7A00202161002003F0FF07002B7FF468
:10D73000CFAE00F08BFDDFF864C3C348C349C44BD0
:10D74000C44A4FF0010B88F800B08CF800703770B5
:10D7500007700F701620394617701F7003F028FEEF
:10D7600039460C2003F024FE59460D2003F020FE1C
:10D770005946042003F01CFE94F8483053B1BB1DF9
:10D78000013754F8230000F0E3FE94F84830FFB26C
:10D79000BB42F4D8002384F8483099E6FFF7C0FC78
:10D7A00094F8483003F1FF3C81E69A78002A00F0B3
:10D7B0002F81012A7FF474AE53F8030FA649DFF8D6
:10D7C00094E2086098889B798B7188808EF800209D
:10D7D00066E6584600F0BCFEA8212846F8F7A8FEE9
:10D7E00076E69E499E4A0968101D002481421C70FD
:10D7F00000F01D814A789B4B0932D2B2BB24002035
:10D8000001F8082C01F8094C01F8070C1C8801F8F4
:10D81000064C1B881B0A01F8053C0E1F97B20939FC
:10D82000002A00F048817B1E052B40F24281804691
:10D830004FEA970EB4465CF8043B08F07F3503F0DE
:10D840007F34013088EA03032C4485B203F080332F
:10D85000AE4584EA0308EED8C8F30723C8F30740AF
:10D860004344034407F0FC0003EB18638742DBB238
:10D8700020D0345C2344441CA742DBB21AD9345D67
:10D880002344841CA742DBB214D9345D2344C41C56
:10D89000A742DBB20ED9345D2344041DA742DBB29C
:10D8A00008D9345D053023448742DBB202D9305CAD
:10D8B0000344DBB21644337006326B48F8F764FD5C
:10D8C0006A4B1A78002A3FF4A2AD0024684A1C7003
:10D8D000684B12781968634B01F8074CD2B2A72045
:10D8E00001F8082C01F8090C188801F8060C1B88AF
:10D8F00097B21B0A01F8053CA1F1040C0939002F6D
:10D9000000F0D5807B1E052B234640F2D6804FEADF
:10D91000970E654655F8040B013400F07F365840E9
:10D9200003F07F333344A6B200F08030B64583EA7B
:10D930000003EFD8C3F307201844C3F3074420447F
:10D9400000EB136307F0FC008742DBB226D01CF823
:10D9500000402344441CA742DBB21FD91CF80440FA
:10D960002344841CA742DBB218D91CF8044023448A
:10D97000C41CA742DBB211D91CF804402344041D87
:10D98000A742DBB20AD91CF8044005302344874281
:10D99000DBB203D91CF800000344DBB29444364EDA
:10D9A0008CF8003006323048F8F7EEFC3378002B64
:10D9B0003FF432AD00F0A6FD304A314B1268DB89EE
:10D9C000821A03EB8303B2EB430F7FF625AD0121EF
:10D9D0000D2003F0EDFC00210C2003F0E9FC1BE519
:10D9E000284D294E294B2A4A2A4830601B68126864
:10D9F00029780126267000F00BF92B78262B8CBF96
:10DA0000252301332B7040BF20BF05B0BDE8F08F48
:10DA100053F8030F204A5968DFF830E003C2198930
:10DA20009B7A9370012311808EF8003038E5184BF3
:10DA30001B681360DEE6584600F08AFDA1212846E7
:10DA4000F8F776FD44E500BFBC7A0020B37A0020E9
:10DA5000C97A00208B7A0020847A0020B87A0020CE
:10DA6000186100208C7A00202C630020BF7A0020EF
:10DA7000C07A0020D47A0020D27A0020B47A002024
:10DA8000907A0020C87A0020DC7A0020CC7A00202E
:10DA9000C47A00201C610020A87A0020D87A0020D7
:10DAA0001BF801200B469A423FF4FCAD91E63B4641
:10DAB00075E70346DDE61346FDE6204647E700BF6F
:10DAC0004E4BD3F8502570B4002A40F082804FF0BE
:10DAD000804300220124C3F800211A461C60D2F8BA
:10DAE0000031002BFBD0454B04240022C3F80C4529
:10DAF000C3F82C25D3F83025032442F00102252851
:10DB0000C3F83025C3F8104561D026285DD02728FA
:10DB100072D00A28D4BF821CC21C5200D2B2374B2A
:10DB2000374CC3F808250E0E0D024FF48472C3F86B
:10DB30005405C3F82465C3F81C55C3F81425C3F86D
:10DB40001845D3F850462F4A2F4D304844F0010471
:10DB5000C3F8504640F25B64C3F8384540F2031402
:10DB6000C3F834451468C3F83C55251F156004F804
:10DB7000041C1468C1F3072565701468C1F30745D8
:10DB8000A5701468C1F30761E17011680431116078
:10DB9000082560240222C3F80415C3F8045380F852
:10DBA0000143C0F88021026000220121C3F8002156
:10DBB0001A465960D2F80031002BFBD00021012316
:10DBC000C2F80C1170BC936070471A22A7E70222BA
:10DBD000A5E70E4A0224C2F88040BFF34F8FBFF37F
:10DBE0006F8F00220124C3F810211A461C61D2F85D
:10DBF0001031002BFBD06AE7502290E70010004064
:10DC0000FB000302D47A00205555550000E100E0E6
:10DC1000F0B4334C0025C4F80052D4F85065002EFF
:10DC200047D12F4C2F4DC4F804050220C5F88001C0
:10DC30002860042600252529C4F80C65C4F844553D
:10DC400049D0262933D0272947D00A29D4BF08181C
:10DC5000C81C4000C5B22248234CC0F80855C0F883
:10DC6000541521680325C0F800520D1F256001F8E6
:10DC7000042C2168C2F307254D702168C2F30745C3
:10DC80008D702168C2F30765CD7021680431216071
:10DC9000160E002512020121C0F82465C0F81C25CB
:10DCA000C0F83C35C0F800510160F0BC70471A253F
:10DCB000D1E70C4E0227C6F88070BFF34F8FBFF339
:10DCC0006F8F0126C4F8105125462661D5F8104102
:10DCD000002CFBD0A5E70546BDE75025BBE700BFFC
:10DCE0000010004000E100E0D47A00201049114B00
:10DCF0000968114AC3F804150221C2F88010BFF365
:10DD00004F8FBFF36F8F0120C3F80002C2F880115C
:10DD100011600022C3F810211A461861D2F81031A0
:10DD2000002BFBD000210123C2F800115360704783
:10DD3000D47A00200010004000E100E02DE9F04F0F
:10DD400000248BB0CDE9074400F5F07305931D4620
:10DD50000994E31004F00702CB5C0134134103F093
:10DD60000103252C05F8013FF3D10B46DE43253195
:10DD7000002513F8012B012A04D14219F41882F866
:10DD8000BC4101358B42F4D1B94FC0F89C5200F22E
:10DD9000E11C00F125050526A5F12501002319E068
:10DDA000D0F89C4293FBF4F204FB1232024492F846
:10DDB000BC210A70F21887FB02431344D417C4EB4A
:10DDC000631303EBC304013103EB8403A942A2EB09
:10DDD000030306D0C21892F8E121012AE0D10B70AA
:10DDE000E8E701F12505654506F10106D4D1A14B0F
:10DDF000DFF87CB203901B1A029300F20523019313
:10DE0000059B009304E0DDE90032934200F02B8192
:10DE1000029AD5181A4612F8013F0092012BF2D14E
:10DE2000039B059F03F124000026A0F12503002495
:10DE300002E0134683420ED05978A94203F1010251
:10DE4000F7D13CB9824206D013F8022FAA4201D082
:10DE50000124EFE701262530B842E6D1002ED2D1C9
:10DE6000039BDDF81490C3F8A05202E0019B994592
:10DE7000C9D0029B03EB090719F8013F012BF5D12B
:10DE8000039B0DF11C0CE246CDF810C003F1FF38E6
:10DE90004FF0000E9C464346002003E00130252849
:10DEA00000F0DE8013F8012FAA42F7D10EEBCE046A
:10DEB0000EEB84046444014600F1250602E0B14201
:10DEC00000F0CB808BFB01230B44CA17C2EB63131A
:10DED00003EBC30203EB8203CB1A0131E25CBA42CB
:10DEE000EDD19842A3EB000280F2B8800EF1010E52
:10DEF000BEF10C0F0AF8012B08F12508CBD1DDF893
:10DF000010C09DF82760022400219CF800301CF806
:10DF1000012F9A4208BF01210C2C41D09CF801200E
:10DF20009A4208BF01210B2C3AD09CF802209A4259
:10DF300008BF01210A2C33D09CF803209A4208BF65
:10DF40000121092C2CD09CF804209A4208BF012101
:10DF5000082C25D09CF805209A4208BF0121072CE7
:10DF60001ED09CF806209A4208BF0121062C17D02B
:10DF70009CF807209A4208BF0121052C10D09CF87C
:10DF800008209A4208BF0121042C09D09CF80920DE
:10DF90009A4208BF0121032C02D0B34208BF0121DD
:10DFA00001340D2CB1D100297FF460AF0398942285
:10DFB0000546C0F8A47200F5027004F045F89DF81B
:10DFC0001CE09DF81D009DF81E109DF81F209DF877
:10DFD00020709DF8213006F1820C0EF1820682300D
:10DFE0004FF0050E45F826E08231062645F8206000
:10DFF000823282379DF822609DF823004FF0070E91
:10E0000045F821E0823308214FF0090E45F822102F
:10E01000823645F827E09DF824109DF825200A2730
:10E0200045F8237082309DF826300B2745F826707E
:10E03000823182320C2645F8206082330E2045F86A
:10E04000214045F822000F241021012045F82340EB
:10E0500045F82C100BB0BDE8F08FC243253245E7E0
:10E060004FF0FF3022E700200BB0BDE8F08F00BF7B
:10E07000A7C867DD20FEFFFF30B400252B46DC106B
:10E0800003F007020C5D44FA02F2D20703D54219ED
:10E09000013582F8BC310133252BF0D100F2E112B9
:10E0A0000B1D9A42C0F89C5203D200F2E51399422C
:10E0B00032D30B7880F8E1314B7880F8E2318B78FD
:10E0C00080F8E331D1F80330C0F8E431D1F80730FB
:10E0D000C0F8E831D1F80B30C0F8EC31D1F80F308E
:10E0E000C0F8F031D1F81330C0F8F431D1F817305E
:10E0F000C0F8F831D1F81B30C0F8FC31D1F81F302E
:10E10000C0F8003291F8233080F8043291F82430BE
:10E1100080F8053230BC70474B1E00F5F07024319A
:10E1200013F8012F00F8012F8B42F9D130BC704752
:10E13000C0F8A812704700BF0023C0F8AC32704787
:10E14000D0F8A812D0F8AC220F4B0A4483FB02137C
:10E150009918D317C3EB611303EBC30103EB8103DE
:10E16000D31AC218C0F8AC3292F8E121012A08D0C3
:10E17000D0F89C1293FBF1F201FB1233184490F893
:10E18000BC311846704700BFA7C867DD704700BFA5
:10E19000034A044B0021C2F840111B68184700BF16
:10E1A00000800040F47A0020034A044B0021C2F8AA
:10E1B00040111B68184700BF00900040F47A00200F
:10E1C000034A044B0021C2F840111B68184700BFE6
:10E1D00000A00140F47A0020044B054A1B6800218E
:10E1E000C2F8401103B11847704700BFF87A002009
:10E1F00000B001400F4A104B30B4104C10604FF08B
:10E2000000600322C4F880014FF48035C3F808256C
:10E21000C3F8401501220421C3F80453C3F80022B7
:10E22000C3F810152060602184F81B1330BCDA603D
:10E230001A607047F87A002000B0014000E100E069
:10E24000014BC3F84005704700B00140084B4FF048
:10E250000062C3F88020BFF34F8FBFF36F8F054B71
:10E2600001220021C3F84011DA605A60704700BFF4
:10E2700000E100E000B0014010B483B002AB03E95C
:10E2800006009DF805309DF80410026813F1FF3375
:10E2900018BF012300240229C2F800451C4603745C
:10E2A000C17332D003292DD0012925D0224B0099EA
:10E2B000B3FBF1F3B3F5007FC2F854451FD2FF2B37
:10E2C0000FD87F2B24D83F2B25D81F2B26D80F2BD8
:10E2D00027D8072B02D819498A4225D04FF0004190
:10E2E00001E04FF080610723C2F82415C2F8003521
:10E2F00003B05DF8044B704743F00204D6E74FF0DB
:10E300000071F0E743F00604D0E743F00404CDE7E2
:10E310004FF00061E7E74FF08051E4E74FF0005124
:10E32000E1E74FF08041DEE7042B34BF4FF0A0510E
:10E330004FF02061D7E700BF0090D00300F002400B
:10E3400003680022C3F80025704700BF002B3AD0B5
:10E350002DE9F047814684B00D4617461E464FF61C
:10E36000FF784FF0000A4645344628BF4446002D4A
:10E3700014BF2346002300950297361B01938FB1EB
:10E38000002269464846039402F0AEFB05B12544DD
:10E390002744002EE7D104B0BDE8F087CDE9005551
:10E3A0000295361B002269464846CDF80CA002F0C3
:10E3B0009BFB4DB94645344628BF4446002EEDD15F
:10E3C00004B0BDE8F08770472544002ECBD1E2E7CA
:10E3D000094A0A4B30B4D2E91910146E1C7300229A
:10E3E0000124074D1C7198735973DA731A741D60F8
:10E3F0005A749A6030BC7047983E0300FC7A002043
:10E4000000F0024008B50121032002F04DFF032077
:10E4100002F0EAFF0121042002F046FF042002F08E
:10E42000E3FF0121222002F03FFF01212220BDE86D
:10E43000084002F0BDBF00BF81607047F8B51746C5
:10E44000E2B104460E46002500F05CF8E06008E00A
:10E4500002F07AFD00F056F8D4E90223C01A904287
:10E460000AD2236820465B6998470028F0DB013513
:10E47000AF4206F8010BE7D12846F8BD1546FBE789
:10E480002DE9F0431B4B1C4FD3F80463DFF86C807D
:10E49000DFF86C9085B000240123A200A34002F1B4
:10E4A0008045334205F5C0450FD0D5F8003163B142
:10E4B000E357013306D052F808201AB114F8093096
:10E4C0007BB990470023C5F800310134082CE3D113
:10E4D000BFF34F8F00BF00BF00BF00BF05B0BDE856
:10E4E000F08304AB002143F8041D0846009102F0BC
:10E4F00005FEE7E700600040387B0020187B002025
:10E50000107B002008B501F015FA4FF47A72A0FBD9
:10E510000223900A40EA835008BD00BF10B50446AC
:10E5200001F044FD022804D02046BDE8104003F06D
:10E5300045BD01F0F7F9204603F040FD044601F027
:10E5400097FA0CB1204610BD02F010FDFAE700BFAB
:10E5500010B5044601F02AFD02280AD144B101F0A9
:10E56000E1F9204603F032FDBDE8104001F080BA29
:10E5700010BD2046BDE8104003F028BD10B504468C
:10E5800001F0D0F9204603F019FD044601F070FABD
:10E590000CB1204610BD02F0E9FC204610BD00BFC2
:10E5A00050B110B5044601F0BDF9204603F00EFD50
:10E5B000BDE8104001F05CBA704700BF38B51C469A
:10E5C0009DF8105043B3002908BF1A460123C4E93F
:10E5D0000F01226084F8463001F0B2FFD4E90F1336
:10E5E0002268A26001FB03F1CB1A134400200A4405
:10E5F000FF21A063E36084F84410626084F8451052
:10E6000004F1100002F006FF04F1240002F002FF02
:10E6100001F0A0FF84F84C50204638BDF8B50746FD
:10E6200015460E4669B100FB01F05030FFF7A6FF1A
:10E63000044690B3002200F1500380F846200360A6
:10E6400007E05020FFF79AFF044630B384F8466095
:10E650002460C4E90F7601F073FFD4E90F13226838
:10E66000A26001FB03F1CB1A134400200A44FF21EE
:10E67000A063E36084F84410626084F8451004F1FC
:10E68000100002F0C7FE04F1240002F0C3FE01F006
:10E6900061FF84F84C502046F8BD00242046F8BDA8
:10E6A0002DE9F04F044685B01D460192884601F0E1
:10E6B00047FFA26BE36BA84F4FF000099A424E460A
:10E6C000C0F08B80022D00F006810198002800F038
:10E6D0003081B9F1000F00F0958001F03BFF01F0AF
:10E6E00021F901F02DFF94F84430FF2B08BF84F886
:10E6F000446094F84530FF2B08BF84F8456001F072
:10E7000029FF01A902A801F0F9FB002840F01881B7
:10E7100001F016FFA26BE36B9A4277D001F01AFF6B
:10E7200001F00EFF94F845304FFA83FABAF1000F6A
:10E730001ADD636AC3B104F1240907E00AF1FF336B
:10E74000DBB24FFA83FA7BB1636A6BB1484601F0E2
:10E750007BFB0028F2D001F009FC0AF1FF33DBB2A9
:10E760004FFA83FA002BEFD1FF2384F8453001F0F4
:10E77000F1FE01F0E5FE94F844304FFA83FABAF165
:10E78000000F1ADD2369C3B104F1100907E00AF193
:10E79000FF33DBB24FFA83FA7BB123696BB1484692
:10E7A00001F052FB0028F2D001F0E0FB0AF1FF3348
:10E7B000DBB24FFA83FA002BEFD1FF2384F8443009
:10E7C00001F0C8FE01F054F901F0BAFEA26BE36B50
:10E7D0009A424FF00109BFF475AF226CA66B002A74
:10E7E00040F0FC8025680136002D00F01881A663FA
:10E7F000636A002B40F08C8001F0ACFE012005B074
:10E80000BDE8F08F02A801F06DFB66E704F1100986
:10E8100001F0A0FE4846019901F09AFA01F090FE3D
:10E8200094F845A04FFA8AFABAF1000F1CDD636A2A
:10E83000D3B104F1240B08E00AF1FF3A5FFA8AF33E
:10E840004FFA83FA83B1636A73B1584601F0FCFA58
:10E850000028F1D00AF1FF3A01F088FB5FFA8AF351
:10E860004FFA83FA002BEED1FF2384F8453001F0F4
:10E8700071FE01F065FE94F844304FFA83FABAF164
:10E88000000F06DC15E00AF1FF33DBB24FFA83FA22
:10E890007BB123696BB1484601F0D6FA0028F2D06B
:10E8A00001F064FB0AF1FF33DBB24FFA83FA002B6D
:10E8B000EFD1FF2384F8443001F04CFE01F0D8F88A
:10E8C000002881D14FF080537B6040BFBFF34F8F52
:10E8D000BFF36F8F78E7226CA66B002A82D0414687
:10E8E000E06803F08DFB236CE26821685B421A4408
:10E8F0008A42E26080F0898062681344E360022DFE
:10E9000000F083800136A663636A002B3FF474AF86
:10E9100004F1240001F098FA00283FF46DAF0E4B8B
:10E920004FF080525A6040BFBFF34F8FBFF36F8FDD
:10E9300062E7009001F00EFE009805B0BDE8F08F90
:10E9400001F0FEFD94F845506DB2002D18DD636AAC
:10E95000B3B104F1240607E000ED00E0013DEBB2A5
:10E960005DB26BB1636A5BB1304601F06DFA0028AD
:10E97000F4D0013D01F0FAFAEBB25DB2002BF1D117
:10E98000FF2384F8453001F0E5FD01F0D9FD94F84E
:10E9900044506DB2002D16DD2369A3B104F11006B9
:10E9A00005E0013DEBB25DB26BB123695BB130466E
:10E9B00001F04AFA0028F4D0013D01F0D7FAEBB299
:10E9C0005DB2002BF1D1FF2384F8443001F0C2FD89
:10E9D00001F04EF8002005B0BDE8F08F41465DBB68
:10E9E000A06803F00DFBA368216C62680B4493429E
:10E9F00006F10106A360FFF4FAAEA663636A22681B
:10EA0000A260002B3FF4F8AE82E7002E7FF4EFAE59
:10EA10000123A363636A002B3FF4EEAE78E76068DE
:10EA200001F016FBA663636A6560002B7FF470AF8C
:10EA300000287FF474AFDFE6E06803F0E1FA236CAE
:10EA4000E26821685B421A448A42E260BFF457AF31
:10EA500052E700BFF8B50C4679B3002501232160C9
:10EA600081F84630C1E90F35064601F069FDD4E969
:10EA70000F322168A56303FB02F39A1A0A440B4480
:10EA8000FF27C4E90131E26084F8447004F110000A
:10EA900084F8457002F0BEFC04F1240002F0BAFCD8
:10EAA00001F058FDC4E90055E56084F84C602B4640
:10EAB0002A4629462046FFF7F3FD2046F8BD00BF51
:10EAC0002DE9F0418C4682B004461746EFF31186DB
:10EAD000402282F31188806BE26B904221D3022B9B
:10EAE00005D0002086F3118802B0BDE8F08194F8CB
:10EAF0004550226CD4F838806DB252BB236808F1BF
:10EB00000108002B4FD06B1CC4F8388037D001357A
:10EB10006DB284F84550012086F3118802B0BDE83B
:10EB2000F08194F84550226CD4F838806DB2002AF8
:10EB3000E4D073B9A06803F063FAA368216C62683B
:10EB40000B44934208F10108A360DCD32368A3605F
:10EB5000D9E76146E068019303F052FA206CE2685D
:10EB60002168019B404202448A42E26002D262680C
:10EB70001044E060022B10D008F10108C3E7636A7B
:10EB8000002BC8D004F1240001F05EF90028C2D0A7
:10EB9000002FC0D001203860A4E7B8F1000F08BFF3
:10EBA0004FF00108AFE76068019301F051FA019B53
:10EBB0006360A8E72DE9F047044684B088460192D7
:10EBC00001F0BEFCD4F83890B9F1000F40F093800A
:10EBD000019B002B00F00A8102A801F083F9B34FDA
:10EBE0004E4604F1240501F0B5FC00F09BFE01F057
:10EBF000A7FC94F84430FF2B08BF84F8446094F8D5
:10EC00004530FF2B08BF84F8456001F0A3FC01A943
:10EC100002A801F073F9002840F0878001F090FC11
:10EC2000A36B002B40F0E88001F094FC019928468A
:10EC300001F08EF801F084FC94F845304FFA83F926
:10EC4000B9F1000F06DC15E009F1FF33DBB24FFA32
:10EC500083F97BB1636A6BB1284601F0F5F80028AF
:10EC6000F2D001F083F909F1FF33DBB24FFA83F9F7
:10EC7000002BEFD1FF2384F8453001F06BFC01F04D
:10EC80005FFC94F844304FFA83FABAF1000F1ADDB2
:10EC90002369C3B104F1100907E00AF1FF33DBB2C5
:10ECA0004FFA83FA7BB123696BB1484601F0CCF887
:10ECB0000028F2D001F05AF90AF1FF33DBB24FFA23
:10ECC00083FA002BEFD1FF2384F8443001F042FC9B
:10ECD00000F0CEFE00287ED14FF080537B6040BF15
:10ECE000BFF34F8FBFF36F8F01F02AFCD4F8389039
:10ECF000B9F1000F76D0226C52B1E168636811441B
:10ED00009942E16024BF2168E160404603F078F950
:10ED100009F1FF33A3632369002B40F0C98001F0A0
:10ED200019FC012004B0BDE8F08701F009FC94F85B
:10ED300045304FFA83F9B9F1000F06DC15E009F10F
:10ED4000FF33DBB24FFA83F97BB1636A6BB12846BC
:10ED500001F07AF80028F2D001F008F909F1FF3348
:10ED6000DBB24FFA83F9002BEFD1FF2384F8453053
:10ED700001F0F0FB01F0E4FB94F844304FFA83FA21
:10ED8000BAF1000F1ADD2369C3B104F1100907E0DD
:10ED90000AF1FF33DBB24FFA83FA7BB123696BB11F
:10EDA000484601F051F80028F2D001F0DFF80AF1EE
:10EDB000FF33DBB24FFA83FA002BEFD1FF2384F845
:10EDC000443001F0C7FB00F053FE01F0B9FBA36B28
:10EDD00063B101F0BFFB01F0B3FBD4F83890B9F197
:10EDE000000F88D1019B002B7FF4FDAE01F0B2FB38
:10EDF000002004B0BDE8F08701F0ACFB01F0A0FBFF
:10EE000094F845304FFA83F9B9F1000F06DC15E0AC
:10EE100009F1FF33DBB24FFA83F97BB1636A6BB15F
:10EE2000284601F011F80028F2D001F09FF809F10E
:10EE3000FF33DBB24FFA83F9002BEFD1FF2384F8C5
:10EE4000453001F087FB01F07BFB94F844304FFA2A
:10EE500083FABAF1000F1ADD2369C3B104F1100976
:10EE600007E00AF1FF33DBB24FFA83FA7BB1236983
:10EE70006BB1484600F0E8FF0028F2D001F076F8C8
:10EE80000AF1FF33DBB24FFA83FA002BEFD1FF23F5
:10EE900084F8443001F05EFB00F0EAFD01F050FB25
:10EEA000D4F83890B9F1000F9CD024E700ED00E0D1
:10EEB00004F1100000F0C8FF00283FF430AF054B0C
:10EEC0004FF080525A6040BFBFF34F8FBFF36F8F38
:10EED00025E700BF00ED00E02DE9F043044685B0D2
:10EEE0000026019101F02CFBA36BB24FB0463546D2
:10EEF000002B40F0F380019B002B00F05D81B8F106
:10EF0000000F00F0FC8001F025FB00F00BFD01F08C
:10EF100017FB94F84430FF2B08BF84F8445094F852
:10EF20004530FF2B08BF84F8455001F013FB01A9C1
:10EF300002A800F0E3FF00286CD101F001FBA36BF5
:10EF4000002B40F0E08001F005FB2368002B00F06F
:10EF50003C8104F124094846019900F0F9FE01F0D2
:10EF6000EFFA94F845304FFA83F8B8F1000F06DC59
:10EF700015E008F1FF33DBB24FFA83F87BB1636A27
:10EF80006BB1484600F060FF0028F2D000F0EEFFC1
:10EF900008F1FF33DBB24FFA83F8002BEFD1FF23E8
:10EFA00084F8453001F0D6FA01F0CAFA94F84430FA
:10EFB0004FFA83F8B8F1000F1ADD2369C3B104F1E9
:10EFC000100907E008F1FF33DBB24FFA83F87BB199
:10EFD00023696BB1484600F037FF0028F2D000F0FB
:10EFE000C5FF08F1FF33DBB24FFA83F8002BEFD1F6
:10EFF000FF2384F8443001F0ADFA00F039FD002819
:10F0000064D14FF080537B6040BFBFF34F8FBFF39D
:10F010006F8F5BE001F094FA94F845304FFA83F873
:10F02000B8F1000F1ADD636AC3B104F1240907E0E7
:10F0300008F1FF33DBB24FFA83F87BB1636A6BB13F
:10F04000484600F001FF0028F2D000F08FFF08F1E1
:10F05000FF33DBB24FFA83F8002BEFD1FF2384F8A4
:10F06000453001F077FA01F06BFA94F844304FFA2A
:10F0700083F8B8F1000F1ADD2369C3B104F1100958
:10F0800007E008F1FF33DBB24FFA83F87BB1236965
:10F090006BB1484600F0D8FE0028F2D000F066FFC1
:10F0A00008F1FF33DBB24FFA83F8002BEFD1FF23D7
:10F0B00084F8443001F04EFA00F0DAFC01F040FA36
:10F0C000A36B002B00F08A8001F044FA01F038FABB
:10F0D000A36B4FF00108002B3FF40DAF2268013BFA
:10F0E000A363002A00F09E802369002B40F08980F2
:10F0F00001F030FA0126304605B0BDE8F08302A8E1
:10F1000000F0F0FEFFE601F025FA01F019FA94F89C
:10F1100045304FFA83F8B8F1000F1ADD636AC3B1C6
:10F1200004F1240907E008F1FF33DBB24FFA83F85A
:10F130007BB1636A6BB1484600F086FE0028F2D0CE
:10F1400000F014FF08F1FF33DBB24FFA83F8002B15
:10F15000EFD1FF2384F8453001F0FCF901F0F0F91C
:10F1600094F844304FFA83F8B8F1000F1ADD2369A0
:10F17000C3B104F1100907E008F1FF33DBB24FFA25
:10F1800083F87BB123696BB1484600F05DFE00282F
:10F19000F2D000F0EBFE08F1FF33DBB24FFA83F858
:10F1A000002BEFD1FF2384F8443001F0D3F900F0B5
:10F1B0005FFC8BE700ED00E0009301F0CBF9009BD2
:10F1C0001E46304605B0BDE8F08301F0B9F960682D
:10F1D00000F0FCFE064601F0BDF9BAE601F0BAF90E
:10F1E000002E88D001F0ACF9616A19B1236B19685F
:10F1F000C1F10501606800F057FF002601F0AAF98F
:10F2000079E704F1100000F01FFE00283FF470AF12
:10F21000064B4FF080525A6040BFBFF34F8FBFF391
:10F220006F8F65E700F076FF60605DE700ED00E05E
:10F2300010B5044601F084F9A46B01F08BF9204667
:10F2400010BD00BF104B5A68904208D0DA68904257
:10F2500008BF012204D090F8463093B170470022D5
:10F26000002110B403EBC20443F8321090F846308A
:10F27000616013B15DF8044B70475DF8044BFFF714
:10F280008FB9FFF78DB900BF84850020074B1A683E
:10F290001AB19A6802B17047012210B403EBC2049C
:10F2A00043F8321060605DF8044B7047848500209D
:10F2B00070B505460C46164601F042F995F8443003
:10F2C000FF2B04BF002385F8443095F84530FF2B11
:10F2D00004BF002385F8453001F03CF9AB6B2BB936
:10F2E0003246214605F1240000F06EFD01F028F9B8
:10F2F00095F8454064B2002C16DD6B6AA3B105F1A8
:10F30000240605E0013CE3B25CB26BB16B6A5BB111
:10F31000304600F099FD0028F4D0013C00F026FEB4
:10F32000E3B25CB2002BF1D1FF2385F8453001F048
:10F3300011F901F005F995F8444064B2002C16DD8E
:10F340002B69A3B105F1100605E0013CE3B25CB204
:10F350006BB12B695BB1304600F076FD0028F4D02C
:10F36000013C00F003FEE3B25CB2002BF1D1FF23BD
:10F3700085F84430BDE8704001F0ECB82DE9F0416B
:10F38000044601F0DDF8344A344D1368013313604C
:10F390002B68002B2FD0324EE36A32682AB33148F3
:10F3A000314907680A689F4238BF03602F4801321D
:10F3B00003EB83030A6000EB8300E263211D02F08C
:10F3C00039F801F0C7F833686BB12A68E36AD26A8A
:10F3D0009A4208D2264B4FF080525A6040BFBFF38A
:10F3E0004F8FBFF36F8FBDE8F0812A68D26A9A42CF
:10F3F00098BF2C60D3E72C601368012B02D0E36A1E
:10F40000174ECCE71948DFF894801A4F144E02F0DB
:10F4100001F8194801F0FEFF184801F0FBFF1848F9
:10F4200001F0F8FF174801F0F5FF404601F0F2FF48
:10F43000384601F0EFFF144801F0ECFF134801F0EB
:10F44000E9FF134801F0E6FF124B134AC2F80080AF
:10F450001F60E36AA3E700BFB07B0020407B002071
:10F46000107C0020C47B0020C07B00204C7B00204F
:10F4700000ED00E0DC7B0020607B0020747B00203E
:10F48000887B00209C7B0020FC7B0020287C0020C7
:10F49000147C0020487B0020447B0020C87B002097
:10F4A0002DE9F843DDE90964002C60D016B9304637
:10F4B000BDE8F8830D469700984602233A4684F843
:10F4C0005130814626633046A52102F0BDFD2A78E1
:10F4D000236B84F83420043F2A781F4427F0070761
:10F4E00002B36B7884F835306B78DBB1AB7884F895
:10F4F0003630AB78B3B1EB7884F83730EB788BB13A
:10F500002B7984F838302B7963B16B7984F83930F2
:10F510006B793BB1AB7984F83A30AB7913B1EB79C5
:10F5200084F83B30089D042D28BF04250026E562A1
:10F530006564201D84F83B60A66401F077FFC5F187
:10F54000050504F1180001F071FFE66442464946E2
:10F55000A561246184F850606462384600F0B4FF0D
:10F5600020602046FFF70AFF2046BDE8F8832046CA
:10F57000BDE8F8832DE9F0479600804630460D46F9
:10F580009946099FFEF7FAFF002869D08246542069
:10F59000FEF7F4FF044600285BD00023C0F830A03B
:10F5A0003246504684F85130A52102F04DFD2A78AC
:10F5B000236B84F83420043E2A781E4426F0070A80
:10F5C00002B36B7884F835306B78DBB1AB7884F8B4
:10F5D0003630AB78B3B1EB7884F83730EB788BB159
:10F5E0002B7984F838302B7963B16B7984F8393012
:10F5F0006B793BB1AB7984F83A30AB7913B1EB79E5
:10F6000084F83B30089D042D28BF04250026E562C0
:10F610006564201D84F83B60A66401F007FFC5F116
:10F62000050504F1180001F001FFE664A5612461FD
:10F6300084F8506064624A464146504600F044FFF8
:10F64000206007B13C602046FFF798FE0120BDE82E
:10F65000F0875046FEF7A4FF4FF0FF30BDE8F0877B
:10F660004FF0FF30F3E700BF70B504464C4E00F09A
:10F6700067FF002C39D0251D284601F005FFA36A3D
:10F680001BB104F1180001F0FFFE29464548464D24
:10F6900001F0D0FE94F85030012B04BF002384F811
:10F6A000503000F057FF2B6893B93368A34200D065
:10F6B00070BD2B68DBB93B493C4A0968126891422E
:10F6C00026D03B4B1B682BB33A4B01221A6070BD0E
:10F6D00000F036FF384B1A68126892B9374B4FF07A
:10F6E000FF321A6000F036FFDFE73468C3E7344BBF
:10F6F0004FF080525A6040BFBFF34F8FBFF36F8F00
:10F7000070BD1A682D4BD268D26852681A60E9E75A
:10F71000336070BD274A13603268336812681B6B10
:10F720009A4236D9274C28492268930098188000BD
:10F730000858E0B9551EAB0058198000085830BB76
:10F74000951EAB0058198000085800BBD51EAB00B1
:10F75000581980000858D0B9151FAB0058198000FF
:10F760000858A0B9053A9300981880000858134427
:10F770009B00CD1808336868406868600B44984265
:10F7800004BF40686860C3683360226070BD2A4669
:10F79000EDE730683168343101F0E6FBC2E700BFC5
:10F7A000407B0020147C0020107C0020B07B0020D7
:10F7B000BC7B0020407C0020447B0020F47B0020A8
:10F7C00000ED00E0C47B00204C7B002080B170B5D0
:10F7D0001B4D2B6883420AD0044600F0B1FE194B42
:10F7E00062699A4205D0BDE8704000F0B3BE70BDBA
:10F7F0007047A36A144A9342F5D0002BF3D1261D1B
:10F80000304601F041FE114AE36A116810488B420C
:10F8100088BF136003EB830300EB8300314601F0E4
:10F8200009FE2B68E26ADB6A9A42DCD3094B4FF08F
:10F8300080525A6040BFBFF34F8FBFF36F8FD2E744
:10F84000407B0020147C0020FC7B0020C47B002037
:10F850004C7B002000ED00E070B584B0002503AAC9
:10F8600002A901A8CDE9015501F082FB019C002C01
:10F8700046D00298002843D0039E20630223B6009E
:10F88000A521324684F8513002F0DEFB236B1F4A7B
:10F890006263201D84F83850043E84F83B50E562D2
:10F8A000C4E911551E4401F0C1FD04F1180001F036
:10F8B000BDFD26F007060523A3612A461449E56429
:10F8C00030462461646284F8505000F0FDFD2060F1
:10F8D0002046FFF753FD0F4B1C6000F099FD0128F7
:10F8E00011D1402383F311880B490C4A0C4B4FF084
:10F8F000FF340C6010601D6000F0FCFD04B070BDB2
:10F90000044B00221A6004B070BD00BF49444C454E
:10F910007DFB0200F07B0020F47B0020107C0020A7
:10F920003C7C0020024A136801331360704700BF1B
:10F93000BC7B0020014B1868704700BF3C7C002056
:10F94000024A136818441060704700BF3C7C0020D6
:10F950002DE9F04F3B4B1B6883B0002B42D13A4B53
:10F960001F6801371F60002F4AD0384B01931B6876
:10F97000BB423BD8364EDFF8EC80DFF8ECA0DFF876
:10F98000EC90002525E03368DB68DC68636804F1EF
:10F99000040B9F42584651D301F076FDA36A04F14F
:10F9A00018000BB101F070FDE36AD8F8002003EBFA
:10F9B0008300934259460AEB800088BFC8F80030A4
:10F9C00001F038FDD9F80030E26ADB6A9A4228BFBC
:10F9D000012533681B68002BD5D1019A4FF0FF3306
:10F9E000136004E01B4A13680133136000251A4BAF
:10F9F0001B68002B0CBF2846012003B0BDE8F08F28
:10FA0000134E164B3168164A186830601960136837
:10FA10000133136033681B683BB90C4B01931A46E2
:10FA20004FF0FF3313601346A1E73368074ADB68E2
:10FA30000192DB685B681360134698E7019A1360D4
:10FA4000D5E700BFBC7B00203C7C0020F47B00207D
:10FA5000447B0020B87B0020407C0020487B0020B5
:10FA6000F87B0020C47B00204C7B0020407B0020E2
:10FA70002DE9F04700F064FD354B1A68013A1A6031
:10FA80001C68002C57D1334B1B68002B53D0DFF878
:10FA9000E0A0314E314FDFF8DC90DFF8DC803368D6
:10FAA00013B3F368DC68251D04F1180001F0ECFCC9
:10FAB000284601F0E9FCE36A3A6803EB83009342CD
:10FAC000294609EB800088BF3B6001F0B3FCD8F801
:10FAD0000030E26ADB6A9A424FF00103DFD3CAF8D2
:10FAE00000303368002BDCD13CB11D4B1A68126822
:10FAF0003ABB1C4B4FF0FF321A601B4D2C6844B1CF
:10FB00000126FFF725FF08B1CAF80060013CF8D1D3
:10FB10002C60DAF8003073B1144B4FF080525A6009
:10FB200040BFBFF34F8FBFF36F8F012400F012FD72
:10FB30002046BDE8F087002400F00CFD2046BDE81B
:10FB4000F0871A68074BD268D26852681A60D4E707
:10FB5000BC7B0020B07B0020FC7B0020C47B00200D
:10FB6000447B0020F47B0020B87B002000ED00E007
:10FB7000407C00204C7B0020407B00202DE9F84F8A
:10FB80003C4E3D4D3D4CDFF80891DFF80881DFF831
:10FB900008B14FF0805A2368D3B100F0D1FCF3686C
:10FBA000DF68381D01F070FC2B68013B2B60236877
:10FBB000013B236000F0CEFC97F85130002B37D08A
:10FBC000012BE8D13846FEF7EBFC2368002BE4D18B
:10FBD0002B4B1B68012B06D9CBF804A040BFBFF309
:10FBE0004F8FBFF36F8F00F041FED9F8003033BB69
:10FBF000D8F80030DB6A002BCDD1214B1B68012BDC
:10FC0000C9D8204B204A1B6812689B1A012BC2D905
:10FC10001E4A136801331360D9F80030BBB1D8F81D
:10FC20000030DB6A0BB9164B1B68FFF721FFB2E708
:10FC3000386BFEF7B5FC3846FEF7B2FCABE7D8F8F8
:10FC40000030DB6A002BA6D10D4B1B68A3E7D8F868
:10FC50000030DB6A002BE8D1094B1B68012BE4D88C
:10FC6000084B1868084B1B68C01A0128DDD900F042
:10FC7000DDFCDAE7287C0020B07B0020B47B00208C
:10FC80004C7B0020F47B00203C7C0020BC7B0020CF
:10FC9000C47B0020407B002000ED00E0274B1B6868
:10FCA000002B40D1264A70B5264C13602268236889
:10FCB00012681B6B9A423AD9234D24492A68930053
:10FCC000981880000858E0B9561EB30098198000B3
:10FCD000085830BB961EB30098198000085800BB26
:10FCE000D61EB300981980000858D0B9161FB3006B
:10FCF000981980000858A0B9053A93009818800018
:10FD0000085813449B00CE18083370684068706030
:10FD10000B44984204BF40687060C36823602A6047
:10FD200070BD3246EDE7064B01221A60704720682D
:10FD30002168343101F018F9BEE700BFBC7B002018
:10FD4000407C0020407B0020C47B00204C7B0020B6
:10FD500070B5174D2B680C4603F1180101F07AFBC2
:10FD6000144B1E682868043001F08EFB631C17D00A
:10FD70002B68A4195C600BD20F4B186829680431FA
:10FD800001F068FB0D4B1A68944238BF1C6070BDCF
:10FD90000B4B18682968BDE87040043101F05ABB6C
:10FDA000296808480431BDE8704001F043BB00BF3A
:10FDB000407B00203C7C0020447B0020F47B002022
:10FDC000487B0020147C002070B5194D2B680C4630
:10FDD000164603F1180101F02DFB164B5EB11B68AE
:10FDE0002868043001F050FB296813480431BDE84D
:10FDF000704001F01FBB1E682868043001F044FB0E
:10FE00002B68A4195C600BD20C4B1868296804316C
:10FE100001F020FB0A4B1A68944238BF1C6070BD89
:10FE2000084B18682968BDE87040043101F012BB26
:10FE3000407B00203C7C0020147C0020447B002080
:10FE4000F47B0020487B002038B5C368DC6804F1EF
:10FE50001805284601F018FB1A4B1B682BBB251D03
:10FE6000284601F011FB184AE36A116817488B42D3
:10FE700088BF136003EB8303294600EB830001F086
:10FE8000D9FA134BE26A1B68DB6A9A4282BF114BB4
:10FE900001201860104B1A68126898BF00204AB9F8
:10FEA0000E4B4FF0FF321A6038BD29460C4801F066
:10FEB000C1FAE6E71A68094BD268D26852681A603C
:10FEC00038BD00BFBC7B0020C47B00204C7B0020E1
:10FED000407B0020407C0020447B0020F47B0020FD
:10FEE000FC7B0020034A044B12681B68C0E9002316
:10FEF000704700BFF87B00203C7C0020F8B50D4621
:10FF0000044600F01DFB2B681649581C0A6813D0E4
:10FF1000DFF854C0D4E90060DCF80070BE4201D0C4
:10FF200090421AD9121A93420BD800232B60012554
:10FF300000F010FB2846F8BD002500F00BFB28461A
:10FF4000F8BDDCF800009B1A0A682B60C4E90002C7
:10FF5000002500F0FFFA2846F8BD012500F0FAFA66
:10FF60002846F8BD3C7C0020F87B0020014B012294
:10FF70001A607047407C0020084B186860B9084B35
:10FF80001B6853B9074A084B10681B68013B98422D
:10FF900014BF01200220704700207047FC7B002026
:10FFA000407C0020147C0020B07B0020054B1B68A7
:10FFB00033B1054B1B68002B0CBF0220002070479B
:10FFC00001207047107C0020BC7B002018B3F8B5DE
:10FFD0001C4CC36A2268D26A934214D28269002AF6
:10FFE00004DB2268D26AC2F105028261164D4269C1
:10FFF00003EB830305EB83039A420DD02368DB6A8E
:020000023000CC
:10000000C3620120F8BD2368406CDB6A98422CBFB4
:1000100000200120F8BD7047061D0746304601F05C
:1000200033FA2268094BD06A1A68F862904200D904
:10003000186000EB800005EB8000314601F0FAF912
:100040000120F8BD407B00204C7B0020C47B0020B9
:1000500050B138B5C16A836C426C013B91428364F4
:1000600000D01BB1002038BD00207047051D04469C
:10007000284601F009FA0A4A636C1168E362C3F189
:1000800005008B42A061074888BF136003EB830320
:1000900000EB8300294601F0CDF9012038BD00BFF7
:1000A000C47B00204C7B002048B1426CC36A914263
:1000B00038BF11468B4202D0826C012A00D07047B3
:1000C000826970B5114DC162002A03EB8303426956
:1000D000A8BFC1F1050105EB8303A8BF81619A4266
:1000E00000D070BD061D0446304601F0CDF9084B26
:1000F000E06A1A68904288BF186000EB800005EB48
:1001000080003146BDE8704001F094B94C7B00207E
:10011000C47B0020044B1A681AB119688A6C01323A
:100120008A641868704700BF407B00202DE9F04FBB
:10013000AD4EDFF8C482AD4D89B033681C68002C29
:1001400000F08E80DB681C68FFF7ECFBFFF7F2FB2A
:10015000D8F80030984207465DD38442C8F80000C2
:1001600040F20B810022E11B2868FFF7A1F8FFF79E
:100170007FFC88B99E4A4FF08053536040BFBFF365
:100180004F8FBFF36F8F07E0019B0399204698477D
:10019000009B002B80F23881286800226946FEF718
:1001A00009FD0028C9D0009B029C002BECDB636991
:1001B00013B1201D01F068F9FFF7BCFBD8F800303F
:1001C0009842814643D3009BC8F80090092BE3D89E
:1001D000012202FA03F313F4047F69D113F0C70F6D
:1001E00040F0A1809B06D7D594F82C30002BD3D1BA
:1001F0002046FEF7D5F9CFE7DB68DC68D3F800A02E
:1002000004F10409484601F03FF9636A2046984723
:10021000E369012B36D033681A68002AECD175499E
:10022000C8F800700A6832600B60FFF721FCB3E782
:10023000DB68DF68D3F800B007F1040A504601F02C
:1002400023F97B6A38469847FB69012B25D0336830
:100250001A68002AECD167490A6832600B60B2E77D
:10026000FFF760FBFFF766FBD8F8003083420746D4
:10027000D1D8604BC8F800701B681A68B2FA82F2D5
:10028000520970E7A36953449A45494622D26360F4
:100290002461306801F0DEF8BDE7BB695B449B4533
:1002A000514627D27B603F61306801F0D3F8CEE73A
:1002B000019B246103EB09024A45A36162602CD8CB
:1002C000002B3FF469AF4B4B211D186801F0C2F8B9
:1002D000286862E72B68002B9DD00023CDE9043A03
:1002E0000694FFF763FE00231A4604A92868FEF768
:1002F000D7F990E72B68002BA9D00023CDE9043B68
:100300000697FFF753FE00231A4604A92868FEF754
:10031000C7F99CE74B4500D998B13068211D01F021
:1003200099F8286839E7019BA269246199182CBFC4
:100330000120002049456160ECD8A9EB03039A42F3
:10034000C1D8636A20469847E369012B7FF424AF44
:10035000019BA2692868134400283FF41EAF0022C5
:10036000CDE904230694FFF721FE00231A4604A9D1
:100370002868FEF795F928680FE7FFF779FB3368DF
:10038000DB68D3F80C9009F1040A504601F07CF8C0
:10039000D9F81C30012B04D0D9F8243048469847AE
:1003A000FAE6D9F81830C9F81090E218BA42C9F83C
:1003B000042004D95146306801F04CF8ECE73F1BAB
:1003C000BB421BD82B68002BE6D00023CDE90434B8
:1003D000CDF81890FFF7EAFD00231A4604A9286813
:1003E000FEF75EF9D8E700BF447C0020C87E0020FD
:1003F00000ED00E0487C0020747E0020034B514655
:10040000186801F027F8C7E7029CD0E6487C002076
:10041000F0B5204C89B000F093F82568FDB100F0EC
:1004200099F82068C8B1002407AA06A905A8CDE953
:10043000054400F0ABFDDDE905300221CDE90010F7
:10044000079A0293144915482346FFF729F8144ADE
:100450000346001B18BF0120136009B0F0BD114F07
:10046000114E384600F0D6FF304600F0D3FF0F4A59
:100470000F4900950F4B17600E600F4A1021202086
:10048000FEF79CF820600028C9D00C49FEF7FEFE5C
:10049000C5E700BFC87E00202C3F03002D010300EC
:1004A000CC7E00204C7E0020607E0020447C00201A
:1004B000487C0020787E00204C7C0020243F0300F4
:1004C000402383F31188FEE730B46FF002034FF04E
:1004D0008075074C40F8045C40F80C4C40F8081C50
:1004E00040F8202C40F8243C30BC4438704700BF12
:1004F000C10403000F4C08B5E02384F8223000F05B
:1005000077F80D4B0D4A00211960D4F8883043F478
:100510007003C4F88830536843F040435360236944
:1005200043F01003236100F04FF9402383F3118857
:10053000FEE700BF00ED00E0D07E002030EF00E0DD
:10054000402383F31188024A136801331360704714
:10055000D07E0020034A1368013B13600BB983F37C
:1005600011887047D07E002041DF704712DF70474E
:1005700070B51B4B00251D6082B01B680193019B69
:10058000EFF31186402383F31188164A164BD2F8F5
:1005900004451D601B680093009BFFF7CBF9241AEC
:1005A00024F07F44012C0DD844B1FFF7D1F9054662
:1005B00025B10E4B4FF080525A6040BF86F3118830
:1005C00002B070BDFFF7F2FC0228EED1013CFFF74C
:1005D000BFF9013C631C45EA0005F8D1E8E700BF1C
:1005E00040110140001001400011014000ED00E009
:1005F0000B4B0C4930B41F200B4DC3F808050122EA
:100600000224E020C3F804232A601A60C3F844439C
:1006100081F811034FF400330B6030BC704700BF0A
:100620000010014000E100E0081001402DE9F04118
:10063000804684B0EFF3108272B6584CA36883B939
:10064000574B58480121A160D3F880100140216028
:10065000C3F88000D3F8841061604FF0FF31C3F815
:10066000841002B962B6504ED6F80475FFF784FCC8
:1006700000283DD04D4A4E49424528BF4246BB184E
:1006800023F07F4301200025C6F80803C6F8403553
:100690000D600B6801934FF480330199C6F8043361
:1006A000BFF34F8FB8F1000F54D13F4B404D41493C
:1006B0004FF48030C3F80803002028602D680395AC
:1006C000039D08600968029101210298C3F8041390
:1006D000D3F804353249DB1B23F07F45954228BF10
:1006E00015464FF40033012DC1F8803111D827D0C1
:1006F000A3685BB1EFF3108372B6294A21681160D9
:10070000616851600022A26003B962B604B0BDE81E
:10071000F081681EFFF714F9274BDB68DA010FD56B
:10072000264A1368DB070BD5254B516803FB05F5FB
:10073000A5F57425A5F51075AD0A01EB8515556075
:10074000FFF706F90028D3D01E4B4FF080525A60B5
:1007500040BFCDE7F1EE103A23F09F03E1EE103AEF
:10076000F1EE103A0E4B04A84FF480614026C3F816
:100770008461C3F8841100F8045DFFF7F7FE9DF86B
:100780000C1039B920BFD3F80001D3F8041101438C
:10079000F8D08AE7FFF7E8FE87E700BF98850020DA
:1007A00000E100E0FC06FFBD00100140FDFFFF007E
:1007B0004011014000110140F0ED00E0001000E0A8
:1007C00040420F0000ED00E00748006880F3088811
:1007D00062B661B6BFF34F8FBFF36F8F4FF0E0008B
:1007E00080F3118800DF00BF00600200064B19682B
:1007F0000868B0E8F04F80F30988BFF36F8F4FF0BF
:10080000000080F311887047407B0020EFF30980DF
:10081000BFF36F8F144B1A681EF0100F08BF20ED46
:10082000108A20E9F04F10604DF8043D4FF0400071
:1008300080F31188BFF34F8FBFF36F8FFFF72EFA4E
:100840004FF0000080F3118808BC19680868B0E810
:10085000F04F1EF0100F08BFB0EC108A80F309882B
:10086000BFF36F8F704700BF407B0020704700BF11
:100870000A490B4A0B4B9B1A03DD043BC858D05066
:10088000FBDC094809494FF0AD32026004300439FD
:10089000FBD100F07BFAF5F7DBFC0000E041030040
:1008A000006000201063002000F803200008000012
:1008B000FEE7FEE7FEE7FEE7FEE7FEE7FEE7FEE710
:1008C000FEE7FEE708B50020F5F7FCFCFCF700FDAD
:1008D0000E4B43B10E4B7BB1FCF782FD00F034FBB5
:1008E000AFF30080F8E7FCF77BFD00F02DFBFCF791
:1008F00077FD00F029FBF6E7FCF772FD00F024FB22
:10090000FCF76EFD00F020FBF6E700BF00000000E2
:100910000000000000B583B000F082FCFDF772FD1E
:100920000E4B019301234FF480620D4900930D4853
:100930000023FEF71FFE4FF4407000F025FCFEF789
:100940008BFFBFF34F8F0849084BCA6802F4E0627F
:100950001343CB60BFF34F8F00BFFDE7D47E002071
:10096000343F0300C508030000ED00E00400FA0571
:10097000114B1A78EAB90178104810B40A464FF0C2
:10098000804402F00102C1F34001C4F88015C4F8AC
:1009900078250268D20706D4E021012280F80013EE
:1009A000C0F880210260012205481A705DF8044BEE
:1009B00070470448704700BF9485002000E100E0C4
:1009C0000000AD0B0C00AD0B0268074B4FF08040F0
:1009D00010B400214FF46074C0F80843196002B1EC
:1009E0001A605DF8044B7047E07E00204FF08043B2
:1009F0004FF46072C3F80423704700BF10B54FF086
:100A0000804386B0D3F80443620705D5D3F80821A4
:100A100003F58473002A4ED1A30603D52A4B1A6826
:100A2000002A3FD1600603D5284B1A68002A2FD12F
:100A3000210602D5264B1A680ABBE20502D5254BD2
:100A40001A6892B9A3050ED5234B1A685AB1002231
:100A50001A601A68214B0592059A1B68022006B09D
:100A6000BDE81040184706B010BD00221A601B4AAE
:100A70001B68049301201368049A9847E2E700205A
:100A80001860164A1B6803931368039A9847D4E7C3
:100A900000221A60124A1B68029301201368029A0E
:100AA0009847C5E7002018600D4A1B68019313683A
:100AB000019A9847B6E700221A600A4A1B68009319
:100AC0001368009A9847A7E71401004018010040F6
:100AD0001C0100402001004024010040E07E002075
:100AE000DC7E0020D87E00202DE9F04F0479644F91
:100AF0004FEAC40C0CEB04039B008646F8180E4624
:100B0000417F83B0002940F0918057F803909046D0
:100B1000B9F1000F04D012F0140F04BF0123437782
:100B20000CEB040507EB850596E80F0095F81FA070
:100B300005F10C0BBAF1FF0F8BE80F0010D0AA7F64
:100B40005346002A76D0BAF11F0F86BF0AF01F0362
:100B50004C494FF0A041012202FA03F3C1F80835D5
:100B600032686AB102F06043B3F1005F08D06444B8
:100B700007EB8407002344487B7703B0BDE8F08F80
:100B8000B16821B101F06043B3F1005FEFD1DEF84D
:100B900000307568F068C3F844250022C3F8485552
:100BA000C3F83415C3F83805C3F81821D3F8182151
:100BB0000192019A18F0010218BF0122C3F85025D2
:100BC00018F0020218BF012218F0080FC3F84025E0
:100BD00004BF01221A61B9F1000F0BD02B4840224B
:100BE00018F0040F14BFC3F80823C3F8042303B09C
:100BF000BDE8F08FD3F81821002AFBD0BAF1FF0F1F
:100C00002CD0644407EB8407BB7F4BB3BAF11F0FB2
:100C100084BF0AF01F0A1B4A1C4898BF4FF0A0422D
:100C2000012303FA0AF3C2F80C35A6E7184803B00B
:100C3000BDE8F08FBAF11F0F4FF0010288BF0AF034
:100C40001F0302FA03F388BF0E49326898BF4FF0C2
:100C5000A041C1F80C35002A84D191E70B488CE7FC
:100C6000BAF11F0F84BF0AF01F0A064A074898BF4F
:100C70004FF0A042012303FA0AF3C2F808357CE7DB
:100C8000E47E0020000300500A00AD0B0000AD0B15
:100C90000B00AD0B194BD3F8182102B97047002196
:100CA000174AC3F81811D3F81811D37F82B0FF2B5D
:100CB000019101990DD0917F99B11F2B86BF03F04F
:100CC0001F0310484FF0A040012101FA03F3C0F8C0
:100CD0000C35002353771372D2E900310A4802B071
:100CE00018471F2B86BF03F01F0306484FF0A04094
:100CF000012101FA03F3C0F80835EAE700300240A9
:100D0000E47E002000030050EC7E00201B4BD3F853
:100D1000182102B970470021194AC3F81811D3F8F5
:100D2000181192F8433082B0FF2B019101990ED037
:100D300092F84210A9B11F2B86BF03F01F03114880
:100D40004FF0A040012101FA03F3C0F80C35002355
:100D500082F8413082F82C30D2E909310A4802B0D9
:100D600018471F2B86BF03F01F0306484FF0A04013
:100D7000012101FA03F3C0F80835E8E700F002406A
:100D8000E47E002000030050107F0020604B1B68B1
:100D900030B45C1C37D05F4A082B126800F08F809B
:100DA0005B4B5C4A1B681268082B15D0591C23D07A
:100DB000584A1268082B12D0574AD2F8883043F4A8
:100DC0007003C2F88830BFF34F8FBFF36F8F534B60
:100DD000534A1A6030BC7047002A00F08280032A10
:100DE000EAD84FF08043D3F80024D20744BF6FF015
:100DF0000102C3F80024DFE74A4A4B4B12681B7814
:100E0000C2F30312D6E7484A464B12781B68082AF9
:100E1000C3F3031301D1032B53D9424A424B126847
:100E20001B78C2F30312082BBAD1032AB8D84FF0AB
:100E300080523E4BD2F80414C3F82015D2F808149F
:100E4000C3F82415D2F80C14C3F82815D2F81014DE
:100E5000C3F82C15D2F81414C3F83015D2F81814AE
:100E6000C3F83415D2F81C14C3F84015D2F8201476
:100E7000C3F84415D2F82414C3F84815D2F828143E
:100E8000C3F84C15D2F82C14C3F85015D2F830140E
:100E9000C3F85415D2F83414C3F86015D2F83814D6
:100EA000C3F86415D2F83C14C3F86815D2F840149E
:100EB000C3F86C15D2F84424C3F8702570E7032AF0
:100EC0000CD8134B1B684FF080420021581CC2F80D
:100ED0000C11C2F81011C2F838159ED00D4A1268D4
:100EE000A1E7134C1349144D25601448144AFB2400
:100EF000C1F8184501681268124C21F00F0102F088
:100F00000F020A434FF400710260216050E700BFF6
:100F1000300100103401001000ED00E024610020D9
:100F20000090D003E80F00F0E00F00F000C0004098
:100F30008C56004000F0004048810300E40E004061
:100F4000580200104096024008B5F5F7C1F9054B6C
:100F50004FF080525A6040BFBFF34F8FBFF36F8F87
:100F600008BD00BF00ED00E0704700BF704700BF44
:100F7000044B036010B46423034C0C6013605DF8F1
:100F8000044B70472C7F0020807F0020054B0360BE
:100F900010B44FF48073044C0C6013605DF8044B84
:100FA000704700BF108100206481002070B51F4C85
:100FB00084B04FF0FF3203A92068FDF7FBFD002845
:100FC000F7D00398037A4568052B0DD8DFE803F0C6
:100FD000272A221C1503D0E90361D0E90523C06943
:100FE00000903046A847039803681BB11846FDF7E8
:100FF000AFFA0398FDF7ACFADBE7D0E90523D0E9B7
:101000000301A8470398EFE7D0E90412C068A84796
:101010000398E9E7D0E90301A8470398E4E7A84764
:101020000398E1E7C068A8470398DDE768850020DA
:101030002DE9F0432D4B2E4C5B6885B0C3F30803BC
:10104000019001AF2068002B44D0002339461A4696
:10105000FDF736FD01283AD0DFF89880D8F8000077
:10106000002240000421FDF7D9FA064678B3DFF8E4
:101070008890D9F80000FEF7F7FAFFF761FA02E06E
:101080003046FDF70DFB002203A92068FDF792FD15
:1010900000230546642203A90028F1D12068FEF749
:1010A000D1F82660FFF756FAD9F80000FEF78EFB5C
:1010B000D8F800300D4A20685B00C8F8003053684B
:1010C000C3F30803394653B96422FDF7E9FA05B0C2
:1010D000BDE8F08339466422FDF7E2FABAE72B4611
:1010E0002A46FDF7EDFC05B0BDE8F08300ED00E019
:1010F00068850020648500206C8500202DE9F84378
:101100009DF8205006460F4691469846CDB1A8005E
:101110000C30FDF703FA044688B10023C0F80490B0
:101120000572036006B177B92DB1AA00414604F1FA
:101130000C0000F065FF2046FFF77AFF0120BDE8B4
:10114000F8831020E5E73846FDF7E8F9814620608E
:10115000A0B13A46314600F053FF002DEBD0691E96
:10116000C9B208EB8101A8F1040353F8042FB2427D
:1011700008BFC3F800909942F7D1D6E72046FDF7A3
:10118000E7F94846DBE700BF30B540230B4D83B09D
:1011900004460022184604212B60FDF73FFA084B55
:1011A000084918600223CDE90031A2B200230649A4
:1011B0000648FEF7DFF903B030BD00BF64850020AC
:1011C000688500206C8500203C3F0300AD0F0300C4
:1011D00011DF704708B50446FFF7FAFF0D4B4FF0DB
:1011E00080414FF0FF32C3F88020C3F88021C3F85C
:1011F0008420C3F88421C1F81C45BFF34F8F0649F2
:10120000064BCA6802F4E0621343CB60BFF34F8F12
:1012100000BFFDE700E100E000ED00E00400FA059A
:101220004FF08043194AD3F80014194830B41160C4
:10123000D3F80054D3F80024164C17492A43C3F8B6
:101240000024D4F84025026001224FF40030C3F896
:1012500018259A60C1F88000BFF34F8FBFF36F8FDE
:101260000E4C03F588334FF0A0454FF480304FF01B
:10127000FF31C3F84803C3F808035A609A60C5F801
:101280000815C4F8081530BC704700BF70850020F1
:101290007485002000A0004000E100E00003005041
:1012A00008B54E20FFF796FF22281BD83C4B53F879
:1012B00020301F2B86BF03F01F033A4A4FF0A04295
:1012C0000E290FD8DFE801F0655F59534D474039CB
:1012D000322B241D160F080003F5E07340F2037152
:1012E00042F82310704703F5E07340F2036142F8BF
:1012F0002310704703F5E07340F2035142F82310C6
:10130000704703F5E07340F2034142F82310704741
:1013100003F5E07340F2033142F82310704703F500
:10132000E07340F2032142F82310704703F5E073A5
:1013300040F2031142F82310704703F5E0734FF4B5
:10134000403142F82310704703F5E0734FF4003149
:1013500042F82310704703F5E073134942F8231055
:10136000704703F5E073114942F82310704703F505
:10137000E073042142F82310704703F5E0730C2159
:1013800042F82310704703F5E073032142F823105D
:10139000704703F5E073002142F82310704700BF47
:1013A000983E030000030050040002000C000300FC
:1013B000222811D80A4B53F820301F2B88BF03F086
:1013C0001F034FF001028CBF06484FF0A04002FA05
:1013D00003F311B1C0F808357047C0F80C357047F9
:1013E000983E03000003005022280DD8074B53F805
:1013F00020201F2A86BF02F01F0205494FF0A0419E
:1014000001239340C1F80C35704700BF983E03009C
:101410000003005000F108034FF0FF31002281600B
:1014200002604360C0E90333704700BF00230361DB
:10143000704700BF4368026810B49C688C609C6869
:101440004B600132616099605DF8044B0861026095
:10145000704700BF30B40D686B1C11D000F108025A
:1014600000E01A4653681C68AC42FAD904684B6025
:10147000013499608A6051600861046030BC704733
:1014800002695368F2E700BF42688168036910B4DB
:10149000916081685C684A601A68844208BF59603C
:1014A000013A002101611A6018685DF8044B704729
:1014B00081F0004102E000BF83F0004330B54FEA05
:1014C00041044FEA430594EA050F08BF90EA020F72
:1014D0001FBF54EA000C55EA020C7FEA645C7FEA05
:1014E000655C00F0E2804FEA5454D4EB5555B8BF28
:1014F0006D420CDD2C4480EA020281EA030382EA99
:10150000000083EA010180EA020281EA0303362D2A
:1015100088BF30BD11F0004F4FEA01314FF4801CFD
:101520004CEA113102D0404261EB410113F0004F0F
:101530004FEA03334CEA133302D0524263EB4303C6
:1015400094EA050F00F0A780A4F10104D5F1200E64
:101550000DDB02FA0EFC22FA05F2801841F10001BF
:1015600003FA0EF2801843FA05F359410EE0A5F193
:1015700020050EF1200E012A03FA0EFC28BF4CF0C4
:10158000020C43FA05F3C01851EBE37101F000457A
:1015900007D54FF0000EDCF1000C7EEB00006EEB87
:1015A0000101B1F5801F1BD3B1F5001F0CD3490811
:1015B0005FEA30004FEA3C0C04F101044FEA445268
:1015C00012F5800F80F09A80BCF1004F08BF5FEAEF
:1015D000500C50F1000041EB045141EA050130BDCF
:1015E0005FEA4C0C404141EB010111F4801FA4F172
:1015F0000104E9D191F0000F04BF01460020B1FAC7
:1016000081F308BF2033A3F10B03B3F120020CDAFE
:101610000C3208DD02F1140CC2F10C0201FA0CF0DC
:1016200021FA02F10CE002F11402D8BFC2F1200C41
:1016300001FA02F120FA0CFCDCBF41EA0C019040F7
:10164000E41AA2BF01EB0451294330BD6FEA040440
:101650001F3C1CDA0C340EDC04F11404C4F120022B
:1016600020FA04F001FA02F340EA030021FA04F33D
:1016700045EA030130BDC4F10C04C4F1200220FA94
:1016800002F001FA04F340EA0300294630BD21FAD2
:1016900004F0294630BD94F0000F83F4801306BF98
:1016A00081F480110134013D4EE77FEA645C18BF8C
:1016B0007FEA655C29D094EA050F08BF90EA020F23
:1016C00005D054EA000C04BF1946104630BD91EA1B
:1016D000030F1EBF0021002030BD5FEA545C05D11E
:1016E0004000494128BF41F0004130BD14F580045D
:1016F0003CBF01F5801130BD01F0004545F0FE41D1
:1017000041F470014FF0000030BD7FEA645C1ABF05
:10171000194610467FEA655C1CBF0B46024650EA3C
:10172000013406BF52EA033591EA030F41F4002168
:1017300030BD00BF90F0000F04BF0021704730B5EE
:101740004FF4806404F132044FF000054FF00001C3
:1017500050E700BF90F0000F04BF0021704730B584
:101760004FF4806404F1320410F0004548BF404259
:101770004FF000013EE700BF42004FEAE2014FEAAE
:1017800031014FEA02701FBF12F07F4393F07F4F89
:1017900081F06051704732F07F4208BF704793F08C
:1017A0007F4F04BF41F40021704730B54FF460749F
:1017B00001F0004521F000411CE700BF50EA0102A2
:1017C00008BF704730B54FF000050AE050EA01024B
:1017D00008BF704730B511F0004502D5404261EBBB
:1017E00041014FF4806404F132045FEA915C3FF4FC
:1017F000D8AE4FF003025FEADC0C18BF03325FEA99
:10180000DC0C18BF033202EBDC02C2F1200300FA49
:1018100003FC20FA02F001FA03FE40EA0E0021FA6E
:1018200002F11444BDE600BF70B54FF0FF0C4CF45C
:10183000E06C1CEA11541DBF1CEA135594EA0C0F0E
:1018400095EA0C0F00F0DEF82C4481EA030621EA49
:101850004C5123EA4C5350EA013518BF52EA033584
:1018600041F4801143F4801338D0A0FB02CE4FF036
:101870000005E1FB02E506F00042E0FB03E54FF066
:101880000006E1FB03569CF0000F18BF4EF0010E5E
:10189000A4F1FF04B6F5007F64F5407404D25FEA5A
:1018A0004E0E6D4146EB060642EAC62141EA55510D
:1018B0004FEAC52040EA5E504FEACE2EB4F1FD0C4F
:1018C00088BFBCF5E06F1ED8BEF1004F08BF5FEACD
:1018D000500E50F1000041EB045170BD06F000467F
:1018E00046EA010140EA020081EA0301B4EB5C042C
:1018F000C2BFD4EB0C0541EA045170BD41F4801124
:101900004FF0000E013C00F3AB8014F1360FDEBF48
:10191000002001F0004170BDC4F10004203C35DA24
:101920000C341BDC04F11404C4F1200500FA05F3A7
:1019300020FA04F001FA05F240EA020001F0004248
:1019400021F0004110EBD37021FA04F642EB0601BE
:101950005EEA430E08BF20EAD37070BDC4F10C04E8
:10196000C4F1200500FA04F320FA05F001FA04F2AC
:1019700040EA020001F0004110EBD37041F1000198
:101980005EEA430E08BF20EAD37070BDC4F12005A3
:1019900000FA05F24EEA020E20FA04F301FA05F20B
:1019A00043EA020321FA04F001F0004121FA04F2B3
:1019B00020EA020000EBD3705EEA430E08BF20EA83
:1019C000D37070BD94F0000F0FD101F000464000BD
:1019D00041EB010111F4801F08BF013CF7D041EA3F
:1019E000060195F0000F18BF704703F00046520043
:1019F00043EB030313F4801F08BF013DF7D043EA14
:101A00000603704794EA0C0F0CEA135518BF95EAC9
:101A10000C0F0CD050EA410618BF52EA4306D1D150
:101A200081EA030101F000414FF0000070BD50EA6F
:101A3000410606BF1046194652EA430619D094EAF9
:101A40000C0F02D150EA013613D195EA0C0F05D1E3
:101A500052EA03361CBF104619460AD181EA030137
:101A600001F0004141F0FE4141F470014FF00000EF
:101A700070BD41F0FE4141F4780170BD70B54FF08A
:101A8000FF0C4CF4E06C1CEA11541DBF1CEA13550A
:101A900094EA0C0F95EA0C0F00F0A7F8A4EB0504EC
:101AA00081EA030E52EA03354FEA013100F08880E3
:101AB0004FEA03334FF0805545EA131343EA1263AC
:101AC0004FEA022245EA111545EA10654FEA002661
:101AD0000EF000419D4208BF964244F1FD0404F51A
:101AE000407402D25B084FEA3202B61A65EB030576
:101AF0005B084FEA32024FF480104FF4002CB6EB33
:101B0000020E75EB030E22BFB61A754640EA0C00B2
:101B10005B084FEA3202B6EB020E75EB030E22BFF2
:101B2000B61A754640EA5C005B084FEA3202B6EB33
:101B3000020E75EB030E22BFB61A754640EA9C00F2
:101B40005B084FEA3202B6EB020E75EB030E22BFC2
:101B5000B61A754640EADC0055EA060E18D04FEA80
:101B6000051545EA16754FEA06164FEAC30343EA20
:101B700052734FEAC2025FEA1C1CC0D111F4801FED
:101B80000BD141EA00014FF000004FF0004CB6E7E6
:101B900011F4801F04BF01430020B4F1FD0C88BF85
:101BA000BCF5E06F3FF6AFAEB5EB030C04BFB6EB90
:101BB000020C5FEA500C50F1000041EB045170BD83
:101BC0000EF0004E4EEA113114EB5C04C2BFD4EBB0
:101BD0000C0541EA045170BD41F480114FF0000E34
:101BE000013C90E645EA060E8DE60CEA135594EAB0
:101BF0000C0F08BF95EA0C0F3FF43BAF94EA0C0FB3
:101C00000AD150EA01347FF434AF95EA0C0F7FF427
:101C100025AF104619462CE795EA0C0F06D152EA7B
:101C200003353FF4FDAE1046194622E750EA41065F
:101C300018BF52EA43067FF4C5AE50EA41047FF470
:101C40000DAF52EA43057FF4EBAE12E753B94AB940
:101C5000002908BF00281CBF4FF0FF314FF0FF30B4
:101C600000F072B9ADF1080C6DE904CE00F006F891
:101C7000DDF804E0DDE9022304B070472DE9F04708
:101C8000089E04468846002B4BD18A42154667D9E8
:101C9000B2FA82F24AB1C2F1200701FA02F320FA45
:101CA00007F7954047EA030894404FEA154E230C86
:101CB000B8FBFEF71FFA85FC0EFB178843EA0843C2
:101CC00007FB0CF1994209D9EB1807F1FF3080F0BE
:101CD0001B81994240F21881023F2B445B1AA4B247
:101CE000B3FBFEF00EFB103344EA034400FB0CFC94
:101CF000A44509D92C1900F1FF3380F00781A445D0
:101D000040F2048102382C4440EA0740A4EB0C0462
:101D100000271EB1D4400023C6E900433946BDE880
:101D2000F0878B4209D9002E00F0EB800027C6E92E
:101D3000000138463946BDE8F087B3FA83F7002F33
:101D400047D18B4202D3824200F2FA80841A61EBBF
:101D5000030301209846002EE0D0C6E90048DDE7E5
:101D600002B9FFDEB2FA82F2002A40F08F80491BEE
:101D70004FEA154E1FFA85F80127B1FBFEFC230C34
:101D80000EFB1C1143EA014308FB0CF1994207D9F1
:101D9000EB180CF1FF3002D2994200F2CD8084465C
:101DA000591AA3B2B1FBFEF00EFB101443EA04442F
:101DB00008FB00F8A04507D92C1900F1FF3302D227
:101DC000A04500F2B6801846A4EB080440EA0C4097
:101DD0009FE7C7F1200CBB4022FA0CFE4EEA030E2F
:101DE00001FA07F420FA0CF521FA0CF34FEA1E4829
:101DF0002543B3FBF8F92C0C08FB19331FFA8EFAB4
:101E000044EA034309FB0AF49C4202FA07F200FA8F
:101E100007F10BD91EEB030309F1FF3080F0878037
:101E20009C4240F28480A9F1020973441B1BADB2AD
:101E3000B3FBF8F008FB103345EA034400FB0AFA51
:101E4000A24508D91EEB040400F1FF336BD2A24572
:101E500069D90238744440EA0940A0FB0289A4EB26
:101E60000A044C45C2464B4654D351D0002E69D08B
:101E7000B1EB0A0564EB030404FA0CFCFD40FC40E2
:101E80004CEA0505C6E90054002747E7C2F12003E4
:101E900020FA03F7954001FA02F021FA03F34FEA22
:101EA000154E3843010CB3FBFEF71FFA85F80EFB05
:101EB000173341EA034107FB08F38B4204FA02F4AB
:101EC00007D9691807F1FF3C2FD28B422DD9023F69
:101ED0002944CB1A81B2B3FBFEF00EFB103341EA6A
:101EE000034100FB08F38B4207D9691800F1FF3C5E
:101EF00017D28B4215D902382944C91A40EA07473C
:101F00003BE73746304609E70746E7E61846FBE673
:101F10004145ABD2B8EB020A69EB0E020138134619
:101F2000A4E76046E9E7184695E76746D1E78146AA
:101F30007CE702382C4447E7ACF1020C2B442FE736
:101F4000384608E73746E9E6704700BF08B5074B53
:101F5000044613B10021AFF30080054B1868836A73
:101F600003B19847204601F0A3FE00BF0000000027
:101F7000483F030070B50D4E0D4CA41BA410002566
:101F8000A54209D10B4E0C4C01F094FEA41BA410E9
:101F90000025A54205D170BD56F82530984701357A
:101FA000EEE756F8253098470135F2E7F862002051
:101FB000F8620020F86200200C630020024B01460A
:101FC000186800F0A5B800BF28610020024B014648
:101FD000186800F04FB800BF2861002082B001B936
:101FE00001A942B14BB113780B601278101C18BFD5
:101FF000012002B070471046FBE76FF00100F8E7E0
:1020000010B5431E0A44914200D110BD11F8014B96
:1020100003F8014FF7E7884210B501EB020307D838
:10202000421E99420AD011F8014B02F8014FF8E71D
:102030008342F5D98118D21AD34200D110BD13F8CA
:10204000014D01F8014DF7E702440346934200D1E8
:10205000704703F8011BF9E738B502FB01F421468C
:1020600000F056F8054618B122460021FFF7ECFFB4
:10207000284638BD38B50546002945D051F8043CFE
:102080000C1F002BB8BFE41801F060FA1F4A136858
:10209000104633B9636014602846BDE8384001F04B
:1020A00056BAA3420CD921686218934204BF1A6839
:1020B0005B68636004BF521822600460ECE713465B
:1020C0005A680AB1A242FAD919685818A0420BD12D
:1020D00020680144581882421960DDD110685268A6
:1020E0005A6001441960D7E702D90C232B60D3E76B
:1020F000206821188A4204BF11685268626004BFD8
:10210000091821605C60C7E738BD00BF78850020F2
:1021100070B5CD1C25F0030508350C2D38BF0C25F6
:10212000002D064601DBA94203D90C2333600020B1
:1021300070BD01F00BFA214A1468214691B9204C78
:1021400023681BB9304600F087FB206029463046E3
:1021500000F082FB431C24D10C233360304601F095
:10216000F6F9E4E70B685B1B18D40B2B0FD90B6057
:10217000CD50CC18304601F0EAF904F10B00231DD4
:1021800020F00700C31AD3D05A42E250D0E78C4265
:102190004B6816BF636013600C46EBE70C4649685A
:1021A000CCE7C41C24F00304A04205D0211A304619
:1021B00000F052FB0130CFD02560DBE778850020AE
:1021C0007C8500202DE9FF4755EC104B0D9FDDF875
:1021D00030A0002D0E4691461946B8BF22462B4628
:1021E00027F02007BBBF05F100431D4600232D2328
:1021F000B8BF1446462F0B7004D0452F00D10136CE
:10220000022100E0032103AB019302AB00933246AD
:10221000534645EC104B00F0D3FB472F804602D1CC
:1022200019F0010F26D0462F08EB060911D198F8B6
:102230000030302B0AD1002200232046294601F02D
:10224000B9FC18B9C6F10106CAF80060DAF8003026
:102250009944002200232046294601F0ABFC38B9FE
:102260003022039B4B4505D2591C03911A70F8E7A5
:10227000CDF80C90039B0E9AA3EB08034046136025
:1022800004B0BDE8F087F7B500290446BABF49425B
:102290002D232B23092904F8022B437020DD0DF197
:1022A00007031F460A2691FBF6F506FB1511303190
:1022B000092D03F8011C03F1FF32294609DC3031F6
:1022C000023B02F8011CBB42224604D3101A03B0A1
:1022D000F0BD1346E7E713F8012B04F8012BF2E7F2
:1022E000302319448370021DC170EFE72DE9F04FD0
:1022F0008DB00C46DDF8588016461F46054601F0A5
:1023000017F903680493184600F0B6FA00230A93FD
:10231000D8F800300590073323F0070303F10802D3
:1023200094F818A0D4F800B0C8F80020D3E900232E
:10233000C4E91223D4E9128929F000430793CDF8A8
:1023400018804FF0FF32A74BDDE9060101F064FC75
:1023500070BB4FF0FF32A34BDDE9060101F03EFCFC
:1023600030BB002200234046494601F02DFC10B14D
:102370002D2384F843309C4A9C4BBAF1470F8CBF05
:102380009046984603232BF00402236122604FF00D
:102390000009009733460BAA2146284600F0E6F9CB
:1023A000013040F08D804FF0FF300DB0BDE8F08F70
:1023B00042464B464046494601F02EFC10B18C4A3D
:1023C0008C4BDAE761684B1C4BF480620AA83ED163
:1023D000062363600023CDE9020309AB009349ECB7
:1023E000108B0DF123032260CDF804A0616828460C
:1023F000FFF7E8FE0AF0DF03472B804609D1099B6F
:10240000D81C02DB6268934247DDAAF1020A5FFA38
:102410008AFABAF1650F099924D80139524604F1B4
:1024200050000991FFF72FFF0A9A1318012A8146DD
:10243000236102DC2268D10701D5013323619DF8B5
:102440002330002BA5D02D2384F84330A1E7BAF127
:10245000670F00F07781BAF1470FBBD10029B9D1DE
:102460000123B6E7BAF1660F19D1002963680CDDC4
:10247000216113B92268D20702D501330B442361CD
:10248000099BA3654FF00009D9E713B92268D0076B
:1024900001D50233F3E70123F1E74FF0670ADDE9E5
:1024A0000932934205DB22682361D107E8D5013365
:1024B000E5E7002BD4BFC3F1020301231344DEE799
:1024C00023685A0507D42369424631462846B8474F
:1024D00001302BD167E7BAF1650F40F2DC800022B2
:1024E0000023D4E9120101F065FB002833D0012359
:1024F000414A31462846B84701303FF454AFDDE940
:1025000009239A4202DB2368D8070FD5DDE90423AB
:1025100031462846B84701303FF445AF4FF0000838
:1025200004F11A090A9B013B434509DC23689B0718
:1025300000F10381E0680B9B9842B8BF184634E76E
:1025400001234A4631462846B84701303FF42BAFB5
:1025500008F10108E6E7099B002B2BDC0123264A42
:1025600031462846B84701303FF41DAF099B23B9D7
:102570000A9B13B92368D907D8D5DDE9042331466E
:102580002846B84701303FF40EAF4FF0000904F180
:102590001A0A099B5B424B4501DC0A9B94E7012325
:1025A000524631462846B84701303FF4FCAE09F1A7
:1025B0000109EEE70A9AA36D9A42A8BF1A46002ABB
:1025C000914607DD1346314642462846B84701305A
:1025D0003FF4E9AE04F11A034FF0000B29EAE97960
:1025E000069315E0FFFFEF7F5A3F0300563F0300BD
:1025F000623F03005E3F0300663F03000123069A2B
:1026000031462846B84701303FF4CDAE0BF1010BFF
:10261000D4F858A0AAEB09035B45EFDCDDE90923F8
:102620009A42D04415DB2368DA0712D40A9B099931
:10263000A3EB0A02A3EB010A9245A8BF9246BAF1A6
:10264000000F0EDC4FF000082AEAEA7A04F11A09BA
:1026500019E0DDE9042331462846B8470130E5D1C9
:10266000A1E65346424631462846B8470130E9D1F3
:1026700099E601234A4631462846B84701303FF4DF
:1026800092AE08F10108DDE909239B1AA3EB0A03C6
:102690004345EEDC4AE70A9A012A01DCDB073AD51A
:1026A0000123424631462846B84701303FF47BAE0D
:1026B000DDE9042331462846B847013008F1010816
:1026C0003FF471AE0A9B002203F1FF3AD4E91201F4
:1026D000002301F06FFAC8B95346424631462846F6
:1026E000B84701300ED15EE60123524631462846F6
:1026F000B84701303FF457AE08F101080A9B013B8F
:102700004345F1DC4B4604F15002DEE64FF0000891
:1027100004F11A0AF2E70123DFE701234A463146B2
:102720002846B84701303FF43EAE08F10108E3689F
:102730000B9A9B1A4345F0DCFCE64FF0000804F1CD
:102740001909F4E700293FF48BAE0023CDE9020319
:1027500009AB009349EC108B2260CDF804A00DF179
:1027600023032846FFF72EFD804648E62DE9F04773
:1027700091461F468A680B69DDF820809342B8BFF6
:102780001346C9F8003091F8432006460C4612B1B2
:102790000133C9F800302368990642BFD9F80030E8
:1027A0000233C9F80030256815F0060507D104F199
:1027B000190AE368D9F800209B1AAB4228DC94F888
:1027C00043302268003318BF012392062DD404F150
:1027D000430239463046C047013020D02368E568BF
:1027E000D9F8002003F00603042B08BFAD1AA36834
:1027F00022690CBF25EAE57500259342C4BF9B1AE8
:10280000ED184FF000091A344D451AD1002008E0A8
:102810000123524639463046C047013003D14FF0BC
:10282000FF30BDE8F0870135C3E7E1185A1C3020BE
:1028300081F84300224494F8451082F84310023393
:10284000C5E70123224639463046C0470130E6D06D
:1028500009F10109D8E7000038B5064C0023054608
:102860000846236001F016FA431C02D1236803B125
:102870002B6038BDA4850020034613F8012B002AE5
:10288000FBD1181A0138704749B1FF2A85BF8A2346
:1028900003600A704FF0FF3098BF01207047084670
:1028A00070472DE9F74F03690C69A3428046C0F2D7
:1028B0008280013C01F114074FEA840C00F11406F8
:1028C00057F8245056F8240006EB0C03013507EBAB
:1028D0000C090193B0FBF5F595B34FF0000A3846AB
:1028E000B646D34650F8042B93B205FB03A34FEA38
:1028F000134A9BB2ABEB0303120CDEF800B005FBEE
:1029000002A213FA8BF34FEA124A1FFA82FBDEF897
:102910000020CBEB124202EB23429BB243EA02437C
:1029200081454FEA224B4EF8043BDBD256F80C307F
:1029300033B9019B043B9E421A4630D3C8F810407D
:10294000404601F01BF8002825DB013530464FF0EA
:10295000000C57F8042BD0F800E093B2ACEB030363
:10296000120C13FA8EF3C2EB1E4202EB23429BB20F
:1029700043EA0243B9454FEA224C40F8043BE8D20F
:1029800056F8242006EB84032AB9043B9E421A46DB
:102990000BD3C8F81040284603B0BDE8F08F12688A
:1029A000043B002ACAD1013CC5E71268043B002A57
:1029B000EFD1013CEAE70020EEE700000000000054
:1029C0002DE9F04F57EC106B97B0456A069104461D
:1029D0000B921293DDF88080CDE900673DB910209D
:1029E000FBF79CFD6062C0E901550560C560636A44
:1029F000196851B15A684A60012393408B602046A0
:102A000000F0DAFD636A00221A603B1EBBBF23F0B0
:102A10000043019300230122ACBFC8F80030C8F87E
:102A20000020AF4BDDF8048033EA080314D1129A7A
:102A300042F20F731360009B23B9C8F31300002800
:102A400000F04285219BDFF8ACB2002B00F04485FA
:102A50000BF1030300F03EBDDDE900670022002317
:102A60003046394601F0A6F8814668B1129A012332
:102A70001360219B002B00F024859A4B219A03F1CF
:102A8000FF3B136000F028BD14AA15A947EC106B9A
:102A9000204600F0EAFFC8F30A550490002D7CD0D0
:102AA000C7F3130343F07F5BB2464BF4401BA5F220
:102AB000FF35CDF84C9000228B4B50465946FEF71F
:102AC000FBFC81A3D3E90023FEF7AEFE80A3D3E98C
:102AD0000023FEF7F3FC064628460F46FEF73AFEB3
:102AE0007DA3D3E90023FEF79FFE02460B46304646
:102AF0003946FEF7E3FC06460F4601F0A3F8002234
:102B0000824600233046394601F05EF848B150460F
:102B1000FEF720FE32463B4601F04CF808B90AF1B8
:102B2000FF3ABAF1160F59D8704901EBCA01DDE935
:102B30000023D1E9000101F065F8002850D00AF126
:102B4000FF3A00230F93149B5D1BB5F1010849BFA9
:102B5000C5F10103002305934FF0000858BF05930A
:102B6000BAF1000F3EDB0023D044CDF838A0079324
:102B7000069B092B00F29080052BC4BF043B0693F3
:102B8000069BA3F10203CCBF00250125032B00F215
:102B90008F80DFE803F07D7F3171DDE914531D4440
:102BA00005F23240202813DDC0F14000009B08FAF6
:102BB00000F805F2124023FA00F048EA0000FEF7A0
:102BC000B9FD01238246A1F1F87B013D139372E721
:102BD000009BC0F1200003FA00F0F0E70123B1E709
:102BE0000F90B0E7059BA3EB0A030593CAF100031E
:102BF000079300230E93BBE701230A930B9B002B43
:102C000059DD02939946666A00227260042202F13D
:102C100014009842716853D9204600F099FC636A09
:102C20003060B9F10E0FD3F800B000F2E680002D4D
:102C300000F0E3809DED007BBAF1000F8DED107B7D
:102C400074DD2A4A0AF00F0302EBC30393ED007B05
:102C50004FEA2A16F0068DED087B65D5244BDDE999
:102C60001001D3E90823FEF709FFCDE9000106F0C2
:102C70000F0603251E4F4CE001230A930B9B534480
:102C800003F1010902934B46012BB8BF0123BAE7B8
:102C90000023B2E70023F0E70125002306930A95FD
:102CA0004FF0FF3302939946002212230B92AAE7BA
:102CB00001230A93F4E70123029399461A46F5E7A4
:102CC000013171605200A2E761436F63A787D23F71
:102CD000B3C8608B288AC63FFB799F501344D33F0B
:102CE0000000F07F673F03000000F83F0041030051
:102CF000D840030072400300F10708D5DDE9080160
:102D0000D7E90023FEF790FDCDE9080101357610E3
:102D10000837002EF0D1DDE90823DDE90001FEF7D8
:102D2000ADFECDE900011AE00225A3E700F0A08086
:102D3000CAF100069F4BA04F06F00F0203EBC2033F
:102D4000D3E90023DDE91001FEF76EFDCDE90001B6
:102D5000361100230225002E7FD1002BE1D10F9BDD
:102D6000002B00F08780DDE900670022934B30469E
:102D7000394600F029FF00287CD0B9F1000F79D046
:102D8000029B002B35DD0AF1FF3308933946002200
:102D90008B4B3046FEF748FDCDE90001029F01351F
:102DA0002846FEF7D7FCDDE90023FEF73DFD0022B3
:102DB000844BFEF783FB0546A1F15076002F5DD1D1
:102DC0000022814BDDE90001FEF776FB2A463346FF
:102DD000CDE9000100F016FF002840F088822A4665
:102DE00006F10043DDE9000100F0EEFE002840F0AE
:102DF0007C82DDE91023CDE90023159B002BC0F276
:102E00005081BAF10E0F00F34C816A4B03EBCA03F9
:102E100093ED007B0B9B002B8DED027B80F2D88025
:102E2000B9F1000F00F3D48040F05E820022664BBF
:102E300051EC170BFEF7F8FCDDE9002300F0D8FE9B
:102E40004F464E46002840F0348231230BF10105F5
:102E50008BF800300AF1010A2FE2F20705D5D7E915
:102E60000023FEF7E1FC013501237610083772E7F5
:102E7000022574E7CDF820A04F4691E74D4B03EBB8
:102E8000C70353E902010A9B002B47D002460B46B9
:102E900000204E49FEF7F2FD2A463346FEF70CFBB2
:102EA000CDE90C015D46DDE9000100F0CBFE0646F0
:102EB000FEF750FC02460B46DDE90001FEF7FCFA86
:102EC000303605F8016BDDE90C23CDE9000100F097
:102ED0007BFE002863D1DDE9002300203749FEF79F
:102EE000EBFADDE90C2300F06FFE002840F0B7801C
:102EF000A5EB0B039F427FF77CAF0022304BDDE94F
:102F00000C01FEF791FC0022CDE90C012C4BDDE910
:102F10000001FEF789FCCDE90001C4E72A463346EB
:102F2000FEF782FCCDE90C010BEB07055E46DDE9FF
:102F3000000100F087FE0746FEF70CFC3037024622
:102F40000B46DDE90001FEF7B7FA06F8017BAE4259
:102F5000CDE900014FF0000226D11C4BDDE90C0148
:102F6000FEF7ACFA02460B46DDE9000100F04AFE2E
:102F7000002874D1DDE90C2300201449FEF79CFAE7
:102F800002460B46DDE9000100F01EFE00283FF47A
:102F900030AF15F8013C302B05F1FF3202D0DDF8DF
:102FA00020A04AE01546F4E7054BFEF73DFCCDE9CD
:102FB0000001BCE700410300D84003000000F03FDF
:102FC0000000244000001C40000014400000E03FCE
:102FD000DDE900675D46DDE9022330463946FEF74C
:102FE0004DFD00F02FFE8046FEF7B4FBDDE9022325
:102FF000FEF71AFC02460B463046394608F1300609
:10300000FEF75AFA05F8016BA5EB0B06B14502462F
:103010000B4639D1FEF752FADDE9022306460F4688
:1030200000F0F0FDC8B9DDE902233046394600F072
:10303000C1FD10B118F0010F0FD10499204600F026
:10304000BBFA0023129A2B700AF101031360219B33
:10305000002B00F041821D603EE2CDF820A015F863
:10306000012C392A05F1FF3308D19B450AD1089B71
:103070000133089330238BF800305B461A78013215
:103080001A708CE71D46EAE700229B4BFEF7CCFB4B
:103090000022002306460F4600F08CFD00289AD03F
:1030A000CBE70A9A002A00F08B80069A012A6EDC90
:1030B000139A002A67D003F23343079F059D059AB0
:1030C00001211A4420460592984400F015FB06465B
:1030D000002D0CDDB8F1000F09DD4545059A2B46A2
:1030E000A8BF4346D21A0592ED1AA8EB0308079B26
:1030F000EBB10A9B002B67D08FB131463A46204690
:1031000000F09AFB049A01460646204600F0FDFABC
:1031100004990890204600F04FFA089B0493079BFF
:10312000DA1B04D00499204600F086FB04900121AC
:10313000204600F0E1FA0E9B0746002B00F0D081FC
:103140001A460146204600F077FB069B012B0746F6
:1031500040DC009B002B39D1019BC3F31303002BF0
:1031600036D1019B23F000431B0D1B052BB1059BA2
:103170000133059308F10108012307930E9B002BEF
:103180002AD1012030E0149BC3F1360395E7079B59
:1031900009F1FF37BB42BFBF079B0797FA1A0E9B87
:1031A000BBBF9B180E93DF1B0027B9F1000FB5BF03
:1031B000059B059DA3EB09054B46B8BF00237EE7A1
:1031C000079F059D0A9E83E7079AABE70023D4E794
:1031D000009BD2E7002307933B6907EB8303186941
:1031E00000F03CFAC0F12000404410F01F0047D02E
:1031F000C0F12003042B3BDD059BC0F11C00034400
:10320000059305448044059B002B05DD1A4604996F
:10321000204600F05FFB0490B8F1000F05DD394651
:103220004246204600F056FB07460F9B53B33946F3
:10323000049800F0A3FB002824DA00230A22049952
:10324000204600F0D0F90A9B04900AF1FF3A002BC7
:1032500000F04D81002331460A22204600F0C3F9D8
:10326000029B002B06464FDC069B022B4CDD11E037
:10327000C9D0059A1C331A4405921D449844C2E7EC
:103280000346F6E7B9F1000F38DC069B022B35DD6B
:10329000CDF80890029B63B939460522204600F01C
:1032A000A2F901460746049800F068FB00283FF7A2
:1032B000CCAD0B9B5D466FEA030A4FF0000939461F
:1032C000204600F079F9002E3FF4B7AEB9F1000FB7
:1032D00005D0B14503D04946204600F06DF931468E
:1032E000204600F069F9A8E600273E46E1E7DDF850
:1032F00020A03E46A9E500BF000024400A9BCDF86F
:103300000890002B00F0FA80002D05DD31462A469A
:10331000204600F0DFFA0646079B002B4CD0716870
:10332000204600F015F9326902320546920006F196
:103330000C010C30FEF764FE01222946204600F005
:10334000C9FA009BCDF814B003F00103B14607930E
:10335000064639460498FFF7A4FA4946054600F1A7
:103360003008049800F00AFB3246009039462046A7
:1033700000F01EFBC368024603BB01460890049898
:1033800000F0FCFA089A034611462046089300F024
:1033900013F9089BA3B9069A92B9079A82B9B8F1B2
:1033A000390F29D0009B002B01DD05F13108059B69
:1033B0005D1C83F8008082E73046C2E70123E3E723
:1033C000009A002A04DB25D1069A1ABB079A0ABB89
:1033D000002BECDD01220499204600F07BFA3946EF
:1033E000049000F0CBFA002803DCE0D118F0010FC4
:1033F000DDD0B8F1390FD8D1059B059A5D1C392372
:10340000137015F8013C392B05F1FF324FD0013311
:10341000137054E7059A002B02F1010506DDB8F19F
:10342000390FE9D008F10108059BC2E7029A05F8B7
:10343000018CA5EB0B03934221D000230A220499AF
:10344000204600F0D0F8B14504904FF000034FF053
:103450000A024946204605D100F0C5F881460646D5
:10346000059576E700F0BFF83146814600230A2231
:10347000204600F0B8F80646F2E74FF000090122B6
:103480000499204600F026FA3946049000F076FAB6
:103490000028B6DC02D118F0010FB2D115F8013CBA
:1034A000302B05F1FF327FF40AAF1546F6E793455E
:1034B00005D131230AF1010A8BF80030FFE61546E9
:1034C0009FE7DFF864B007E0219BDFF860B01BB135
:1034D0000BF10803219A1360584617B0BDE8F08F2E
:1034E000069B012B7FF735AE0E9B079349E6029BA7
:1034F000002B03DC069B022B3FF7CCAE5D46394622
:103500000498FFF7CEF900F1300805F8018B029A14
:10351000A5EB0B039A42B0DD00230A220499204652
:1035200000F061F80490EAE7663F03006940030099
:10353000044B1B68186A044B002808BF1846F0307B
:10354000704700BF286100208C61002070477047E1
:1035500070B5456A04460E463DB91020FAF7DEFF05
:103560006062C0E901550560C560656AEB6883B1BA
:10357000636ADB6853F82600B8B9012101FA06F541
:103580006A1D92002046FEF767FD60B1C0E9016543
:103590000EE0212204212046FEF75EFD636AE8600A
:1035A000DB68002BE4D1002070BD026843F82620C0
:1035B0000023C0E90333F7E770B5446A06460D46B9
:1035C0003CB91020FAF7AAFF7062C0E90144046018
:1035D000C4603DB1736A6A68DB6853F822102960E1
:1035E00043F8225070BD2DE9F0410D691F46064693
:1035F0000C4601F1140C0023DCF8000081B202FB40
:1036000001710F0C000C02FB007089B2013301EB59
:1036100000419D424FEA10474CF8041BECDCD7B147
:10362000A368AB4212DC616830460131FFF790FFBE
:103630002269023204F10C01804692000C30FEF740
:10364000DFFC21463046FFF7B7FF444604EB850315
:1036500001355F6125612046BDE8F081020C12044E
:103660000346B2B90304102013F07F4F04BF1B02BE
:10367000083013F0704F04BF1B01043013F0404FAB
:1036800004BF9B000230002B06DB5B0003D501303A
:1036900070470020E8E720207047036813F0070216
:1036A00001460BD0DA0723D4980749BF5B089B0873
:1036B00001200B605CBF0B600220704798B2A8B974
:1036C0001B0C102013F0FF0F04BF1B0A08301A0751
:1036D00004BF1B0904309A0704BF9B080230DA07B5
:1036E00002D45B0806D001300B6070471046E9E752
:1036F000002070472020704710B50C460121FFF7CD
:1037000027FF01224461026110BD2DE9F74F1446E5
:103710000A6923699A42B8BF0B468846BCBFA046D7
:103720001C46D8F81070D4F81090D8F80830D8F8A3
:10373000041007EB0906B342B8BF0131FFF708FFD9
:1037400000F1140505EB860E2B460022734516D3B7
:1037500004F1140208F1140102EB890301EB87075D
:103760000093009B019293420CD8002E03DD5EF87B
:10377000043D002B5DD0066103B0BDE8F08F43F837
:10378000042BE3E7B2F800B0BBF1000F23D0894669
:10379000AC464FF0000859F8044BDCF800A0A3B287
:1037A0001FFA8AFA0BFB03A34FEA144ADCF8004025
:1037B00043444FEA14480BFB0A8404EB1344E246EB
:1037C0009BB243EA04434F454FEA14484AF8043B8E
:1037D0002BD8CCF80480019BB3F802A00432BAF1D4
:1037E000000F20D02B688946A8464FF0000BB9F88F
:1037F00000C0B8F802400AFB0C445C44C4469BB2CB
:1038000043EA04434CF8043B59F8043BB8F804B0CD
:103810001B0C0AFB03B303EB14434F454FEA134B56
:1038200005D8C8F8043004359BE7D446B3E7E04632
:10383000DDE7013E99E700002DE9F843154612F057
:10384000030206460F4607D0013A214C002354F8E4
:103850002220FFF7C8FE0746AD1035D0746A3CB988
:103860001020FAF75BFE7062C0E901440460C46096
:10387000D6F82480D8F808404CB940F2712130467F
:10388000FFF73AFF0023C8F80800044603604FF032
:103890000008EB070AD5394622463046FFF735FFC8
:1038A000394681463046FFF787FE4F466D100BD0F4
:1038B000206838B9224621463046FFF726FF2060AF
:1038C000C0F800800446E4E73846BDE8F88300BF4E
:1038D000C84103002DE9F0470C464FEA621A2369FC
:1038E00049680AEB0309A3680746164609F1010572
:1038F000AB4232DB3846FFF72BFE0023804600F157
:1039000014011A4653452BDB20692AEAEA7A04F1AE
:10391000140316F01F0201EB8A0103EB800C25D083
:10392000C2F1200E00201E688A46964030434AF8B5
:10393000040B53F8040B9C4520FA0EF014D8486091
:1039400008B109F10205013D3846C8F8105021467A
:10395000FFF732FE4046BDE8F08701315B00C7E764
:1039600041F823200133CDE75146DCE7043953F811
:10397000042B41F8042F9C45F9D8E4E703690A6950
:103980009B1A30B50CD192001430143184181144B4
:1039900054F8045D51F8042D954203D005D301235A
:1039A000184630BDA042F3D3FAE74FF0FF33F7E7F4
:1039B0002DE9F0470D460746114628461446FFF705
:1039C000DDFF061E08D131463846FFF7C1FD012351
:1039D000C0E90436BDE8F087A4BF23462C4638462C
:1039E0006168A6BF1D4600260126FFF7B1FD2B69C1
:1039F000C660266905F1140904F1140202EB86077A
:103A000009EB830800F114054FF0000E52F804ABE7
:103A100059F8044B1EFA8AF1A3B2C91A230CC3EB5E
:103A20001A4303EB214389B24FEA234EC84541EACA
:103A30000343944645F8043BE8D8BC4504D355F805
:103A4000043D83B10661C5E75CF8041B1EFA81F3EF
:103A50001A1402EB11429BB243EA02434FEA224E90
:103A600045F8043BE9E7013EE9E72DE9F7430E4657
:103A7000012159EC108B1546FFF76AFDC9F30A5472
:103A80000746C9F3130334BB0193B8F1000327D0F1
:103A900002A840F8083DFFF700FE0099F0B1019A36
:103AA000C0F1200302FA03F30B43C2407B61019291
:103AB000019BBB61002B14BF022101213961C4B1FC
:103AC000A4F2334404443460C0F135002860384621
:103AD00003B0BDE8F08343F48013D5E77961E7E7ED
:103AE00001A8FFF7DAFD019B7B61012139612030DC
:103AF000E5E707EB8103A0F2324030601869FFF779
:103B0000ADFDC0EB4110E1E74FF0FF3C06E000BF28
:103B10004FF0010C02E000BF4FF0010C4DF804CD56
:103B20004FEA410C7FEA6C5C4FEA430C18BF7FEA16
:103B30006C5C1BD001B050EA410C0CBF52EA430C44
:103B400091EA030F02BF90EA020F0020704710F1C4
:103B5000000F91EA030F58BF994208BF90422CBF53
:103B6000D8176FEAE37040F0010070474FEA410C4C
:103B70007FEA6C5C02D150EA013C07D14FEA430C6A
:103B80007FEA6C5CD6D152EA033CD3D05DF8040BDB
:103B9000704700BF8446104662468C46194663460D
:103BA00000E000BF01B5FFF7B7FF002848BF10F1E4
:103BB000000F01BD4DF808EDFFF7F4FF0CBF012029
:103BC00000205DF808FB00BF4DF808EDFFF7EAFFA5
:103BD00034BF012000205DF808FB00BF4DF808ED60
:103BE000FFF7E0FF94BF012000205DF808FB00BF55
:103BF0004DF808EDFFF7CEFF94BF012000205DF8DF
:103C000008FB00BF4DF808EDFFF7C4FF34BF0120EB
:103C100000205DF808FB00BF4FEA410C7FEA6C5CB6
:103C200002D150EA013C0AD14FEA430C7FEA6C5CB6
:103C300002D152EA033C02D14FF0000070474FF02E
:103C4000010070474FEA410212F5001215D211D55A
:103C50006FF47873B3EB625212D94FEAC12343F089
:103C6000004343EA505311F0004F23FA02F018BF0B
:103C7000404270474FF00000704750EA013005D1D4
:103C800011F0004008BF6FF0004070474FF0000097
:103C9000704700BF044A05491368002B08BF0B4654
:103CA000184410601846704780850020A8850020C1
:103CB000FEE700BFF8B500BFF8BC08BC9E467047E1
:103CC000F8B500BFF8BC08BC9E46704754696E79D1
:103CD0005553422053657269616C0000000000007A
:103CE0000000000031650200896302007963020070
:103CF0006D630200F16202003D6302001163020085
:103D0000D1630200F0FFFFFF000000002965020000
:103D100012010002000000409A23298000010102E4
:103D20000301000009020900000100A032000000A8
:103D300030313233343536373839414243444546E1
:103D400041646166727569740000000046656174C3
:103D5000686572206E5246353238343020457870AE
:103D600072657373000000004D6173732053746FAC
:103D70007261676500000000312E30007573626467
:103D800000000000050F3900021810050038B608C1
:103D900034A909A0478BFDA0768815B665000101FE
:103DA000011C100500DF60DDD88945C74C9CD26539
:103DB0009D9E648A9F00000306B20002000103007A
:103DC00000000000ED6F02007D700200A97002008B
:103DD000F1700200FD710200D172020000000000CB
:103DE00000000000497D020000000000597D020033
:103DF000697D0200017E0200517F02000000000088
:103E00000000000089740200A1740200A574020081
:103E1000BD74020085750200AD770200000000004D
:103E200000000000498C02006D8C0200718C0200C1
:103E3000958C0200BD8D02003D950200000000003F
:103E4000000000006D780200DD78020009790200B0
:103E500031790200657A0200697A020000000000F0
:103E6000000000002186020079860200958602008B
:103E7000B9860200116D0200F18702000000000007
:103E80005F757362645F7164656600000000000026
:103E90000338FDD87047000019000000180000002A
:103EA0000A0000002F0000002A0000002800000087
:103EB0000700000022000000100000001A000000AF
:103EC0001B000000060000000800000029000000A0
:103ED00004000000050000001E0000001C0000009F
:103EE00002000000030000001D0000001F00000091
:103EF0000C0000000B0000000F0000000D0000008F
:103F00000E0000001300000014000000110000006B
:103F10001600000017000000150000000900000056
:103F20002E000000546D725100000000546D72208C
:103F3000537663006C6F6F700000000043616C6C1F
:103F40006261636B000000002C6100204300504F51
:103F5000534958002E00494E4600696E66004E4196
:103F60004E006E616E0030000020202020202020B6
:103F70002020282828282820202020202020202019
:103F80002020202020202020208810101010101029
:103F90001010101010101010100404040404040475
:103FA000040404101010101010104141414141410F
:103FB00001010101010101010101010101010101F1
:103FC0000101010110101010101042424242424201
:103FD00002020202020202020202020202020202C1
:103FE0000202020210101010200000000000000069
:103FF00000000000000000000000000000000000C1
:1040000000000000000000000000000000000000B0
:1040100000000000000000000000000000000000A0
:104020000000000000000000000000000000000090
:104030000000000000000000000000000000000080
:104040000000000000000000000000000000000070
:104050000000000000000000000000000000000060
:10406000000000000000000000496E66696E69747F
:1040700079004E614E0000000000000000000000CA
:104080000000000000000000000000000000000030
:104090000000000000000000000000000000000020
:1040A0000000000000000000000000000000000010
:1040B0000000000000000000000000000000000000
:1040C00000000000000000000000000000000000F0
:1040D00000000000000000000080E03779C3414389
:1040E000176E05B5B5B89346F5F93FE9034F384D5E
:1040F000321D30F94877825A3CBF737FDD4F15750A
:10410000000000000000F03F00000000000024401C
:1041100000000000000059400000000000408F40F7
:10412000000000000088C34000000000006AF84062
:104130000000000080842E4100000000D012634186
:104140000000000084D797410000000065CDCD41FC
:10415000000000205FA00242000000E876483742DD
:10416000000000A2941A6D42000040E59C30A2427B
:104170000000901EC4BCD64200003426F56B0C43F0
:104180000080E03779C3414300A0D8855734764397
:1041900000C84E676DC1AB43003D9160E458E143F8
:1041A000408CB5781DAF154450EFE2D6E41A4B446D
:1041B00092D54D06CFF08044F64AE1C7022DB544B2
:1041C000B49DD9794378EA44050000001900000045
:0841D0007D000000000000006A
:0841D8007820FF7F01000000C8
:1041E0000A00000000000306B20008000100000001
:1041F000A800080002000000A000140003005749B6
:104200004E555342000000000000000000008400F2
:10421000040007002A00440065007600690063007E
:10422000650049006E007400650072006600610060
:10423000630065004700550049004400730000001A
:1042400050007B0039003700350046003400340050
:10425000440039002D0030004400300038002D00AB
:1042600034003300460044002D0038004200330083
:1042700045002D0031003200370043004100380076
:104280004100460046004600390044007D00000021
:10429000000000000400000010000C004872002024
:1042A000803E03000000000000000000000000004D
:1042B00000000000000000000000000000000000FE
:1042C00000000000000000000000000000000000EE
:1042D00000000000000000000000000000000000DE
:1042E00000000000000000000000000000000000CE
:1042F00000000000FF010000000000000D000000B1
:10430000000101000090D0032C610020000000009B
:1043100098400300B840030078400300000000000C
:10432000000000000000000000000000000000008D
:10433000000000000000000000000000000000007D
:10434000000000000000000000000000000000006D
:10435000000000000000000000000000000000005D
:10436000000000000000000000000000430000000A
:10437000000000000000000000000000000000003D
:1043800000000000000000000000000043000000EA
:10439000000000000000000000000000000000001D
:1043A00000000000000000000000000043000000CA
:1043B00000000000000000000000000000000000FD
:1043C00000000000000000000000000043000000AA
:1043D00000000000000000000000000000000000DD
:1043E000000000000000000000000000430000008A
:1043F00000000000000000000000000000000000BD
:104400000000000000000000000000004300000069
:10441000000000000000000000000000000000009C
:104420000000000000000000000000004300000049
:10443000000000000000000000000000000000007C
:1044400000000000000000000000000089280300B8
:10445000DD1F030000000000683F0300543F03001D
:10446000553F0300553F0300553F0300553F0300F0
:10447000553F0300553F0300553F0300553F0300E0
:10448000553F0300FFFFFFFFFFFFFFFFFFFFFFFFA1
:10449000FFFF0000010041534349490000000000B4
:1044A000000000000000000000000000000000000C
:1044B0000000000000004153434949000000000093
:1044C00000000000000000000000000000000000EC
:1044D00000000000000000000162020035620200DE
:1044E000FD650200C5D30200D1E3020011620200A3
:040000033000087150
:00000001FF
